35004,AL,ACMAR
35005,AL,ADAMSVILLE
35006,AL,ADGER
35007,AL,KEYSTONE
35010,AL,NEW SITE
35014,AL,ALPINE
35016,AL,ARAB
35019,AL,BAILEYTON
35020,AL,BESSEMER
35023,AL,HUEYTOWN
35031,AL,BLOUNTSVILLE
35033,AL,BREMEN
35034,AL,BRENT
35035,AL,BRIERFIELD
35040,AL,CALERA
35042,AL,CENTREVILLE
35043,AL,CHELSEA
35044,AL,COOSA PINES
35045,AL,CLANTON
35049,AL,CLEVELAND
35051,AL,COLUMBIANA
35053,AL,CRANE HILL
35054,AL,CROPWELL
35055,AL,CULLMAN
35061,AL,DOLOMITE
35062,AL,DORA
35063,AL,EMPIRE
35064,AL,FAIRFIELD
35068,AL,COALBURG
35071,AL,GARDENDALE
35072,AL,GOODWATER
35073,AL,ALDEN
35077,AL,HANCEVILLE
35078,AL,HARPERSVILLE
35079,AL,HAYDEN
35080,AL,HELENA
35083,AL,HOLLY POND
35085,AL,JEMISON
35087,AL,JOPPA
35089,AL,KELLYTON
35091,AL,KIMBERLY
35094,AL,LEEDS
35096,AL,LINCOLN
35098,AL,LOGAN
35111,AL,MC CALLA
35114,AL,MAYLENE
35115,AL,MONTEVALLO
35116,AL,MORRIS
35117,AL,MOUNT OLIVE
35118,AL,SYLVAN SPRINGS
35120,AL,ODENVILLE
35121,AL,ONEONTA
35124,AL,INDIAN SPRINGS
35125,AL,PELL CITY
35126,AL,DIXIANA
35127,AL,PLEASANT GROVE
35130,AL,QUINTON
35131,AL,RAGLAND
35133,AL,REMLAP
35135,AL,RIVERSIDE
35136,AL,ROCKFORD
35143,AL,SHELBY
35146,AL,SPRINGVILLE
35147,AL,STERRETT
35148,AL,SUMITON
35150,AL,SYLACAUGA
35160,AL,TALLADEGA
35171,AL,THORSBY
35172,AL,TRAFFORD
35173,AL,TRUSSVILLE
35175,AL,UNION GROVE
35176,AL,VANDIVER
35178,AL,VINCENT
35179,AL,VINEMONT
35180,AL,WARRIOR
35183,AL,WEOGUFKA
35184,AL,WEST BLOCTON
35186,AL,WILSONVILLE
35188,AL,WOODSTOCK
35203,AL,BIRMINGHAM
35204,AL,BIRMINGHAM
35205,AL,BIRMINGHAM
35206,AL,BIRMINGHAM
35207,AL,BIRMINGHAM
35208,AL,BIRMINGHAM
35209,AL,HOMEWOOD
35210,AL,IRONDALE
35211,AL,BIRMINGHAM
35212,AL,BIRMINGHAM
35213,AL,CRESTLINE HEIGHT
35214,AL,BIRMINGHAM
35215,AL,CENTER POINT
35216,AL,VESTAVIA HILLS
35217,AL,BIRMINGHAM
35218,AL,BIRMINGHAM
35221,AL,BIRMINGHAM
35222,AL,BIRMINGHAM
35223,AL,MOUNTAIN BROOK
35224,AL,BIRMINGHAM
35226,AL,BLUFF PARK
35228,AL,MIDFIELD
35233,AL,BIRMINGHAM
35234,AL,BIRMINGHAM
35235,AL,CENTER POINT
35242,AL,SHOAL CREEK
35243,AL,CAHABA HEIGHTS
35244,AL,HOOVER
35401,AL,TUSCALOOSA
35404,AL,HOLT
35405,AL,TUSCALOOSA
35406,AL,TUSCALOOSA
35441,AL,STEWART
35442,AL,ALICEVILLE
35443,AL,BOLIGEE
35444,AL,BROOKWOOD
35446,AL,BUHL
35447,AL,CARROLLTON
35452,AL,COKER
35453,AL,COTTONDALE
35456,AL,DUNCANVILLE
35457,AL,ECHOLA
35458,AL,ELROD
35459,AL,EMELLE
35460,AL,EPES
35461,AL,ETHELSVILLE
35462,AL,EUTAW
35463,AL,FOSTERS
35464,AL,GAINESVILLE
35466,AL,GORDO
35469,AL,KNOXVILLE
35470,AL,COATOPA
35474,AL,CYPRESS
35476,AL,NORTHPORT
35480,AL,RALPH
35481,AL,REFORM
35490,AL,VANCE
35501,AL,JASPER
35540,AL,ADDISON
35541,AL,ARLEY
35542,AL,BANKSTON
35543,AL,BEAR CREEK
35544,AL,BEAVERTON
35546,AL,BERRY
35548,AL,BRILLIANT
35549,AL,CARBON HILL
35550,AL,CORDOVA
35552,AL,DETROIT
35553,AL,DOUBLE SPRINGS
35554,AL,ELDRIDGE
35555,AL,FAYETTE
35563,AL,GUIN
35564,AL,HACKLEBURG
35565,AL,HALEYVILLE
35570,AL,HAMILTON
35571,AL,HODGES
35572,AL,HOUSTON
35574,AL,KENNEDY
35575,AL,LYNN
35576,AL,MILLPORT
35578,AL,NAUVOO
35579,AL,OAKMAN
35580,AL,PARRISH
35581,AL,PHIL CAMPBELL
35582,AL,RED BAY
35585,AL,SPRUCE PINE
35586,AL,SULLIGENT
35587,AL,TOWNLEY
35592,AL,VERNON
35593,AL,VINA
35594,AL,WINFIELD
35601,AL,DECATUR
35603,AL,DECATUR
35610,AL,ANDERSON
35611,AL,ATHENS
35616,AL,CHEROKEE
35618,AL,COURTLAND
35619,AL,DANVILLE
35620,AL,ELKMONT
35621,AL,EVA
35622,AL,FALKVILLE
35630,AL,FLORENCE
35633,AL,FLORENCE
35640,AL,HARTSELLE
35643,AL,HILLSBORO
35645,AL,KILLEN
35646,AL,LEIGHTON
35647,AL,LESTER
35648,AL,LEXINGTON
35650,AL,MOULTON
35651,AL,MOUNT HOPE
35652,AL,ROGERSVILLE
35653,AL,RUSSELLVILLE
35660,AL,SHEFFIELD
35661,AL,MUSCLE SHOALS
35670,AL,SOMERVILLE
35671,AL,TANNER
35672,AL,TOWN CREEK
35673,AL,TRINITY
35674,AL,TUSCUMBIA
35677,AL,WATERLOO
35739,AL,ARDMORE
35740,AL,BRIDGEPORT
35741,AL,BROWNSBORO
35744,AL,DUTTON
35745,AL,ESTILLFORK
35746,AL,FACKLER
35747,AL,GRANT
35748,AL,GURLEY
35749,AL,HARVEST
35750,AL,HAZEL GREEN
35751,AL,HOLLYTREE
35752,AL,HOLLYWOOD
35754,AL,LACEYS SPRING
35755,AL,LANGSTON
35758,AL,TRIANA
35759,AL,MERIDIANVILLE
35760,AL,NEW HOPE
35761,AL,NEW MARKET
35763,AL,BIG COVE
35764,AL,PAINT ROCK
35765,AL,PISGAH
35766,AL,PRINCETON
35768,AL,HYTOP
35771,AL,SECTION
35772,AL,STEVENSON
35773,AL,TONEY
35774,AL,TRENTON
35775,AL,VALHERMOSO SPRIN
35776,AL,WOODVILLE
35801,AL,HUNTSVILLE
35802,AL,HUNTSVILLE
35803,AL,HUNTSVILLE
35805,AL,HUNTSVILLE
35806,AL,HUNTSVILLE
35808,AL,HUNTSVILLE
35810,AL,HUNTSVILLE
35811,AL,HUNTSVILLE
35816,AL,HUNTSVILLE
35824,AL,HUNTSVILLE
35901,AL,SOUTHSIDE
35903,AL,HOKES BLUFF
35904,AL,GADSDEN
35905,AL,GLENCOE
35950,AL,ALBERTVILLE
35952,AL,SNEAD
35953,AL,ASHVILLE
35954,AL,ATTALLA
35957,AL,BOAZ
35958,AL,BRYANT
35959,AL,CEDAR BLUFF
35960,AL,CENTRE
35961,AL,COLLINSVILLE
35962,AL,CROSSVILLE
35963,AL,DAWSON
35966,AL,FLAT ROCK
35967,AL,FORT PAYNE
35971,AL,FYFFE
35972,AL,GALLANT
35973,AL,GAYLESVILLE
35974,AL,GERALDINE
35975,AL,GROVEOAK
35976,AL,GUNTERSVILLE
35978,AL,HENAGAR
35979,AL,HIGDON
35980,AL,HORTON
35981,AL,IDER
35983,AL,LEESBURG
35984,AL,MENTONE
35986,AL,RAINSVILLE
35987,AL,STEELE
35988,AL,SYLVANIA
35989,AL,VALLEY HEAD
36003,AL,AUTAUGAVILLE
36004,AL,EUFAULA
36005,AL,BANKS
36006,AL,BILLINGSLEY
36009,AL,BRANTLEY
36010,AL,BRUNDIDGE
36013,AL,CECIL
36016,AL,CLAYTON
36017,AL,CLIO
36022,AL,DEATSVILLE
36024,AL,ECLECTIC
36025,AL,ELMORE
36026,AL,EQUALITY
36027,AL,EUFAULA
36028,AL,DOZIER
36029,AL,FITZPATRICK
36030,AL,FOREST HOME
36031,AL,FORT DAVIS
36032,AL,FORT DEPOSIT
36033,AL,GEORGIANA
36034,AL,GLENWOOD
36035,AL,GOSHEN
36036,AL,GRADY
36037,AL,GREENVILLE
36038,AL,GANTT
36039,AL,HARDAWAY
36040,AL,HAYNEVILLE
36041,AL,HIGHLAND HOME
36042,AL,HONORAVILLE
36043,AL,HOPE HULL
36046,AL,LAPINE
36047,AL,LETOHATCHEE
36048,AL,LOUISVILLE
36049,AL,LUVERNE
36051,AL,MARBURY
36052,AL,MATHEWS
36053,AL,MIDWAY
36054,AL,MILLBROOK
36061,AL,PEROTE
36064,AL,PIKE ROAD
36066,AL,PRATTVILLE
36067,AL,PRATTVILLE
36069,AL,RAMER
36071,AL,RUTLEDGE
36075,AL,SHORTER
36078,AL,TALLASSEE
36080,AL,TITUS
36081,AL,TROY
36083,AL,TUSKEGEE
36088,AL,TUSKEGEE INSTITU
36089,AL,UNION SPRINGS
36091,AL,VERBENA
36092,AL,WETUMPKA
36104,AL,MONTGOMERY
36105,AL,MONTGOMERY
36106,AL,MONTGOMERY
36107,AL,MONTGOMERY
36108,AL,MONTGOMERY
36109,AL,MONTGOMERY
36110,AL,MONTGOMERY
36111,AL,MONTGOMERY
36113,AL,MAXWELL A F B
36115,AL,GUNTER AFS
36116,AL,MONTGOMERY
36117,AL,MONTGOMERY
36201,AL,ANNISTON
36203,AL,OXFORD
36205,AL,FORT MC CLELLAN
36206,AL,ANNISTON
36250,AL,ALEXANDRIA
36251,AL,ASHLAND
36255,AL,CRAGFORD
36256,AL,DAVISTON
36258,AL,DELTA
36260,AL,EASTABOGA
36262,AL,FRUITHURST
36263,AL,GRAHAM
36264,AL,HEFLIN
36265,AL,JACKSONVILLE
36266,AL,LINEVILLE
36267,AL,MILLERVILLE
36268,AL,MUNFORD
36269,AL,MUSCADINE
36270,AL,NEWELL
36271,AL,OHATCHEE
36272,AL,PIEDMONT
36273,AL,RANBURNE
36274,AL,ROCK MILLS
36276,AL,WADLEY
36277,AL,WEAVER
36278,AL,WEDOWEE
36279,AL,WELLINGTON
36280,AL,WOODLAND
36301,AL,TAYLOR
36303,AL,NAPIER FIELD
36310,AL,ABBEVILLE
36311,AL,ARITON
36312,AL,ASHFORD
36314,AL,BLACK
36316,AL,CHANCELLOR
36317,AL,CLOPTON
36318,AL,COFFEE SPRINGS
36319,AL,COLUMBIA
36320,AL,COTTONWOOD
36322,AL,DALEVILLE
36323,AL,ELBA
36330,AL,ENTERPRISE
36340,AL,GENEVA
36343,AL,GORDON
36344,AL,HARTFORD
36345,AL,HEADLAND
36346,AL,JACK
36349,AL,MALVERN
36350,AL,MIDLAND CITY
36351,AL,NEW BROCKTON
36352,AL,NEWTON
36353,AL,NEWVILLE
36360,AL,OZARK
36362,AL,FORT RUCKER
36370,AL,PANSEY
36373,AL,SHORTERVILLE
36374,AL,SKIPPERVILLE
36375,AL,SLOCOMB
36376,AL,WEBB
36401,AL,EVERGREEN
36419,AL,ALLEN
36420,AL,ANDALUSIA
36425,AL,BEATRICE
36426,AL,EAST BREWTON
36432,AL,CASTLEBERRY
36435,AL,COY
36436,AL,DICKINSON
36441,AL,FLOMATON
36442,AL,FLORALA
36444,AL,FRANKLIN
36445,AL,FRISCO CITY
36446,AL,FULTON
36451,AL,GROVE HILL
36453,AL,KINSTON
36454,AL,LENOX
36456,AL,MC KENZIE
36460,AL,MONROEVILLE
36467,AL,OPP
36471,AL,PETERMAN
36473,AL,RANGE
36474,AL,RED LEVEL
36475,AL,REPTON
36477,AL,SAMSON
36480,AL,URIAH
36481,AL,VREDENBURGH
36482,AL,WHATLEY
36483,AL,WING
36502,AL,ATMORE
36505,AL,AXIS
36507,AL,BAY MINETTE
36509,AL,BAYOU LA BATRE
36510,AL,BIGBEE
36511,AL,BON SECOUR
36515,AL,CARLTON
36518,AL,CHATOM
36521,AL,CHUNCHULA
36522,AL,CITRONELLE
36523,AL,CODEN
36524,AL,COFFEEVILLE
36525,AL,CREOLA
36526,AL,DAPHNE
36527,AL,SPANISH FORT
36528,AL,DAUPHIN ISLAND
36529,AL,DEER PARK
36530,AL,ELBERTA
36532,AL,FAIRHOPE
36535,AL,FOLEY
36538,AL,FRANKVILLE
36539,AL,FRUITDALE
36540,AL,GAINESTOWN
36541,AL,GRAND BAY
36542,AL,FORT MORGAN
36544,AL,IRVINGTON
36545,AL,JACKSON
36548,AL,LEROY
36549,AL,LILLIAN
36550,AL,LITTLE RIVER
36551,AL,LOXLEY
36553,AL,MC INTOSH
36555,AL,MAGNOLIA SPRINGS
36558,AL,MILLRY
36560,AL,MOUNT VERNON
36561,AL,ORANGE BEACH
36562,AL,PERDIDO
36567,AL,ROBERTSDALE
36569,AL,SAINT STEPHENS
36570,AL,SALITPA
36571,AL,SARALAND
36572,AL,SATSUMA
36574,AL,SEMINOLE
36575,AL,SEMMES
36576,AL,SILVERHILL
36579,AL,STOCKTON
36580,AL,SUMMERDALE
36582,AL,THEODORE
36583,AL,TIBBIE
36584,AL,VINEGAR BEND
36585,AL,WAGARVILLE
36586,AL,WALKER SPRINGS
36587,AL,WILMER
36602,AL,MOBILE
36603,AL,MOBILE
36604,AL,MOBILE
36605,AL,MOBILE
36606,AL,MOBILE
36607,AL,MOBILE
36608,AL,MOBILE
36609,AL,MOBILE
36610,AL,PRICHARD
36611,AL,CHICKASAW
36612,AL,MOBILE
36613,AL,EIGHT MILE
36615,AL,BROOKLEY FIELD
36617,AL,MOBILE
36618,AL,MOBILE
36619,AL,MOBILE
36693,AL,MOBILE
36695,AL,MOBILE
36701,AL,SELMA
36703,AL,SELMA
36720,AL,ALBERTA
36722,AL,ARLINGTON
36726,AL,CAMDEN
36727,AL,CAMPBELL
36728,AL,CATHERINE
36732,AL,DEMOPOLIS
36736,AL,DIXONS MILLS
36738,AL,FAUNSDALE
36740,AL,FORKLAND
36742,AL,GALLION
36744,AL,GREENSBORO
36748,AL,LINDEN
36749,AL,JONES
36750,AL,MAPLESVILLE
36751,AL,LOWER PEACH TREE
36752,AL,BURKVILLE
36754,AL,MAGNOLIA
36756,AL,MARION
36758,AL,PLANTERSVILLE
36759,AL,MARION JUNCTION
36761,AL,BOYS RANCH
36762,AL,MORVIN
36765,AL,NEWBERN
36767,AL,ORRVILLE
36768,AL,PINE APPLE
36769,AL,PINE HILL
36771,AL,PRAIRIE
36773,AL,SAFFORD
36775,AL,SARDIS
36776,AL,SAWYERVILLE
36779,AL,SPROTT
36782,AL,SWEET WATER
36783,AL,THOMASTON
36784,AL,THOMASVILLE
36785,AL,BENTON
36786,AL,UNIONTOWN
36790,AL,STANTON
36792,AL,RANDOLPH
36793,AL,LAWLEY
36801,AL,OPELIKA
36830,AL,AUBURN
36850,AL,CAMP HILL
36852,AL,CUSSETA
36853,AL,DADEVILLE
36854,AL,VALLEY
36855,AL,FIVE POINTS
36858,AL,HATCHECHUBBEE
36860,AL,HURTSBORO
36861,AL,JACKSONS GAP
36862,AL,LAFAYETTE
36863,AL,LANETT
36866,AL,NOTASULGA
36867,AL,PHENIX CITY
36869,AL,PHENIX CITY
36871,AL,PITTSVIEW
36874,AL,SALEM
36875,AL,SEALE
36877,AL,SMITHS
36879,AL,WAVERLY
36904,AL,BUTLER
36907,AL,CUBA
36908,AL,GILBERTOWN
36910,AL,JACHIN
36912,AL,LISMAN
36915,AL,NEEDHAM
36916,AL,PENNINGTON
36919,AL,SILAS
36921,AL,TOXEY
36922,AL,WARD
36925,AL,YORK
98791,AK,98791
99501,AK,ANCHORAGE
99502,AK,ANCHORAGE
99503,AK,ANCHORAGE
99504,AK,ANCHORAGE
99505,AK,FORT RICHARDSON
99506,AK,ELMENDORF AFB
99507,AK,ANCHORAGE
99508,AK,ANCHORAGE
99515,AK,ANCHORAGE
99516,AK,ANCHORAGE
99517,AK,ANCHORAGE
99518,AK,ANCHORAGE
99549,AK,PORT HEIDEN
99551,AK,AKIACHAK
99552,AK,AKIAK
99553,AK,AKUTAN
99554,AK,ALAKANUK
99555,AK,ALEKNAGIK
99556,AK,NIKOLAEVSK
99557,AK,CHUATHBALUK
99558,AK,ANVIK
99559,AK,ATMAUTLUAK
99561,AK,CHEFORNAK
99563,AK,CHEVAK
99564,AK,CHIGNIK
99565,AK,CHIGNIK LAGOON
99567,AK,CHUGIAK
99568,AK,CLAM GULCH
99569,AK,CLARKS POINT
99571,AK,NELSON LAGOON
99572,AK,COOPER LANDING
99573,AK,COPPER CENTER
99574,AK,CHENEGA BAY
99575,AK,CROOKED CREEK
99576,AK,KOLIGANEK
99577,AK,EAGLE RIVER
99578,AK,EEK
99579,AK,EGEGIK
99580,AK,EKWOK
99581,AK,EMMONAK
99583,AK,FALSE PASS
99585,AK,MARSHALL
99586,AK,SLANA
99588,AK,GLENNALLEN
99589,AK,GOODNEWS BAY
99590,AK,GRAYLING
99591,AK,SAINT GEORGE ISL
99602,AK,HOLY CROSS
99603,AK,PORT GRAHAM
99604,AK,HOOPER BAY
99606,AK,KOKHANOK
99607,AK,KALSKAG
99610,AK,KASILOF
99611,AK,KENAI
99612,AK,KING COVE
99613,AK,IGIUGIG
99614,AK,KIPNUK
99615,AK,AKHIOK
99620,AK,KOTLIK
99621,AK,KWETHLUK
99622,AK,KWIGILLINGOK
99625,AK,LEVELOCK
99626,AK,LOWER KALSKAG
99627,AK,MC GRATH
99628,AK,MANOKOTAK
99630,AK,MEKORYUK
99631,AK,MOOSE PASS
99632,AK,MOUNTAIN VILLAGE
99633,AK,NAKNEK
99634,AK,NAPAKIAK
99636,AK,NEW STUYAHOK
99638,AK,NIKOLSKI
99639,AK,NINILCHIK
99640,AK,NONDALTON
99645,AK,BUTTE
99647,AK,PEDRO BAY
99648,AK,PERRYVILLE
99649,AK,PILOT POINT
99650,AK,PILOT STATION
99651,AK,PLATINUM
99653,AK,PORT ALSWORTH
99654,AK,WASILLA
99655,AK,QUINHAGAK
99656,AK,RED DEVIL
99657,AK,RUSSIAN MISSION
99658,AK,SAINT MARYS
99659,AK,SAINT MICHAEL
99660,AK,SAINT PAUL ISLAN
99661,AK,SAND POINT
99662,AK,SCAMMON BAY
99664,AK,SEWARD
99665,AK,SHAGELUK
99668,AK,SLEETMUTE
99669,AK,SOLDOTNA
99670,AK,SOUTH NAKNEK
99671,AK,STEBBINS
99672,AK,STERLING
99676,AK,TALKEETNA
99679,AK,TULUKSAK
99681,AK,TUNUNAK
99682,AK,TYONEK
99683,AK,TRAPPER CREEK
99684,AK,UNALAKLEET
99685,AK,UNALASKA
99686,AK,VALDEZ
99687,AK,WASILLA
99688,AK,WILLOW
99689,AK,YAKUTAT
99691,AK,NIKOLAI
99692,AK,DUTCH HARBOR
99701,AK,COLDFOOT
99702,AK,EIELSON AFB
99703,AK,FORT WAINWRIGHT
99704,AK,CLEAR
99705,AK,NORTH POLE
99709,AK,FAIRBANKS
99712,AK,FAIRBANKS
99714,AK,SALCHA
99720,AK,ALLAKAKET
99721,AK,ANAKTUVUK PASS
99722,AK,ARCTIC VILLAGE
99723,AK,BARROW
99724,AK,BEAVER
99726,AK,BETTLES FIELD
99727,AK,BUCKLAND
99729,AK,CANTWELL
99730,AK,CENTRAL
99733,AK,CIRCLE
99734,AK,PRUDHOE BAY
99736,AK,DEERING
99737,AK,DOT LAKE
99739,AK,ELIM
99740,AK,FORT YUKON
99741,AK,GALENA
99742,AK,GAMBELL
99743,AK,HEALY
99744,AK,ANDERSON
99745,AK,HUGHES
99746,AK,HUSLIA
99747,AK,KAKTOVIK
99748,AK,KALTAG
99749,AK,KIANA
99750,AK,KIVALINA
99751,AK,KOBUK
99752,AK,KOTZEBUE
99753,AK,KOYUK
99755,AK,DENALI NATIONAL
99756,AK,MANLEY HOT SPRIN
99757,AK,LAKE MINCHUMINA
99758,AK,MINTO
99759,AK,POINT LAY
99760,AK,NENANA
99761,AK,NOATAK
99762,AK,GOLOVIN
99763,AK,NOORVIK
99765,AK,NULATO
99766,AK,POINT HOPE
99767,AK,RAMPART
99768,AK,RUBY
99769,AK,SAVOONGA
99770,AK,SELAWIK
99771,AK,SHAKTOOLIK
99772,AK,SHISHMAREF
99773,AK,SHUNGNAK
99774,AK,STEVENS VILLAGE
99777,AK,TANANA
99778,AK,TELLER
99780,AK,BORDER
99781,AK,VENETIE
99782,AK,WAINWRIGHT
99783,AK,WALES
99784,AK,WHITE MOUNTAIN
99785,AK,BREVIG MISSION
99786,AK,AMBLER
99788,AK,CHALKYITSIK
99789,AK,NUIQSUT
99801,AK,JUNEAU
99820,AK,ANGOON
99824,AK,DOUGLAS
99826,AK,GUSTAVUS
99827,AK,HAINES
99829,AK,HOONAH
99833,AK,PETERSBURG
99835,AK,SITKA
99840,AK,SKAGWAY
99901,AK,KETCHIKAN
99919,AK,THORNE BAY
99921,AK,CRAIG
99922,AK,HYDABURG
99923,AK,HYDER
99925,AK,KLAWOCK
99926,AK,METLAKATLA
99927,AK,POINT BAKER
99929,AK,WRANGELL
99950,AK,KETCHIKAN
85003,AZ,PHOENIX
85004,AZ,PHOENIX
85006,AZ,PHOENIX
85007,AZ,PHOENIX
85008,AZ,PHOENIX
85009,AZ,PHOENIX
85012,AZ,PHOENIX
85013,AZ,PHOENIX
85014,AZ,PHOENIX
85015,AZ,PHOENIX
85016,AZ,PHOENIX
85017,AZ,PHOENIX
85018,AZ,PHOENIX
85019,AZ,PHOENIX
85020,AZ,PHOENIX
85021,AZ,PHOENIX
85022,AZ,PHOENIX
85023,AZ,PHOENIX
85024,AZ,PHOENIX
85027,AZ,NEW RIVER STAGE
85028,AZ,PHOENIX
85029,AZ,PHOENIX
85031,AZ,PHOENIX
85032,AZ,PHOENIX
85033,AZ,PHOENIX
85034,AZ,PHOENIX
85035,AZ,PHOENIX
85037,AZ,PHOENIX
85039,AZ,PHOENIX
85040,AZ,PHOENIX
85041,AZ,PHOENIX
85043,AZ,PHOENIX
85044,AZ,PHOENIX
85051,AZ,PHOENIX
85201,AZ,MESA
85202,AZ,MESA
85203,AZ,MESA
85204,AZ,MESA
85205,AZ,MESA
85206,AZ,MESA
85207,AZ,MESA
85208,AZ,MESA
85210,AZ,MESA
85213,AZ,MESA
85219,AZ,GOLD CANYON
85220,AZ,APACHE JUNCTION
85222,AZ,ELEVEN MILE CORN
85224,AZ,CHANDLER
85225,AZ,CHANDLER
85226,AZ,CHANDLER
85228,AZ,COOLIDGE
85231,AZ,ELOY
85232,AZ,FLORENCE
85234,AZ,GILBERT
85236,AZ,HIGLEY
85237,AZ,KEARNY
85239,AZ,MOBILE
85240,AZ,WILLIAMS AFB
85242,AZ,ARIZONA BOYS RAN
85247,AZ,SACATON
85248,AZ,SUN LAKES
85249,AZ,CHANDLER
85250,AZ,SCOTTSDALE
85251,AZ,SCOTTSDALE
85253,AZ,PARADISE VALLEY
85254,AZ,SCOTTSDALE
85255,AZ,SCOTTSDALE
85256,AZ,SCOTTSDALE
85257,AZ,SCOTTSDALE
85258,AZ,SCOTTSDALE
85259,AZ,SCOTTSDALE
85260,AZ,SCOTTSDALE
85262,AZ,SCOTTSDALE
85264,AZ,FORT MCDOWELL
85268,AZ,FOUNTAIN HILLS
85272,AZ,STANFIELD
85273,AZ,SUPERIOR
85281,AZ,TEMPE
85282,AZ,TEMPE
85283,AZ,TEMPE
85284,AZ,TEMPE
85292,AZ,WINKELMAN
85301,AZ,GLENDALE
85302,AZ,GLENDALE
85303,AZ,GLENDALE
85304,AZ,GLENDALE
85305,AZ,GLENDALE
85306,AZ,GLENDALE
85307,AZ,LUKE AFB
85308,AZ,GLENDALE
85309,AZ,LUKE AFB
85310,AZ,GLENDALE
85321,AZ,WHY
85322,AZ,ARLINGTON
85323,AZ,AVONDALE
85324,AZ,ROCK SPRINGS
85326,AZ,BUCKEYE
85328,AZ,CIBOLA
85331,AZ,CAVE CREEK
85332,AZ,CONGRESS
85333,AZ,DATELAND
85335,AZ,EL MIRAGE
85337,AZ,GILA BEND
85338,AZ,GOODYEAR
85339,AZ,LAVEEN
85340,AZ,LITCHFIELD PARK
85342,AZ,MORRISTOWN
85343,AZ,PALO VERDE
85344,AZ,EMPIRE LANDING
85345,AZ,PEORIA
85347,AZ,ROLL
85348,AZ,SALOME
85350,AZ,SOMERTON
85351,AZ,SUN CITY
85353,AZ,TOLLESON
85354,AZ,TONOPAH
85355,AZ,WADDELL
85356,AZ,WELLTON
85361,AZ,WITTMANN
85362,AZ,YARNELL
85363,AZ,YOUNGTOWN
85364,AZ,YUMA
85365,AZ,YUMA PROVING GRO
85373,AZ,SUN CITY
85374,AZ,SURPRISE
85375,AZ,SUN CITY WEST
85381,AZ,PEORIA
85382,AZ,PEORIA
85390,AZ,WICKENBURG
85501,AZ,GLOBE
85530,AZ,BYLAS
85533,AZ,CLIFTON
85534,AZ,FRANKLIN
85535,AZ,EDEN
85539,AZ,MIAMI
85540,AZ,MORENCI
85541,AZ,PAYSON
85542,AZ,PERIDOT
85543,AZ,PIMA
85544,AZ,STRAWBERRY
85545,AZ,ROOSEVELT
85546,AZ,SAFFORD
85550,AZ,SAN CARLOS
85552,AZ,THATCHER
85602,AZ,BENSON
85603,AZ,BISBEE
85606,AZ,COCHISE
85607,AZ,DOUGLAS
85610,AZ,ELFRIDA
85611,AZ,ELGIN
85613,AZ,FORT HUACHUCA
85614,AZ,GREEN VALLEY
85615,AZ,HEREFORD
85616,AZ,HUACHUCA CITY
85617,AZ,MC NEAL
85618,AZ,MAMMOTH
85621,AZ,NOGALES
85623,AZ,ORACLE
85624,AZ,PATAGONIA
85625,AZ,PEARCE
85629,AZ,SAHUARITA
85630,AZ,SAINT DAVID
85631,AZ,SAN MANUEL
85632,AZ,PORTAL
85634,AZ,PISINEMO
85635,AZ,SIERRA VISTA
85637,AZ,SONOITA
85638,AZ,TOMBSTONE
85640,AZ,AMADO
85641,AZ,VAIL
85643,AZ,WILLCOX
85645,AZ,AMADO
85653,AZ,MARANA
85701,AZ,TUCSON
85704,AZ,CASAS ADOBES
85705,AZ,TUCSON
85706,AZ,TUCSON
85708,AZ,TUCSON
85710,AZ,TUCSON
85711,AZ,TUCSON
85712,AZ,TUCSON
85713,AZ,TUCSON
85714,AZ,TUCSON
85715,AZ,TUCSON
85716,AZ,TUCSON
85718,AZ,TUCSON
85719,AZ,TUCSON
85730,AZ,TUCSON
85735,AZ,TUCSON
85736,AZ,TUCSON
85737,AZ,ORO VALLEY
85741,AZ,TUCSON
85743,AZ,TUCSON
85745,AZ,TUCSON
85746,AZ,TUCSON
85747,AZ,TUCSON
85748,AZ,TUCSON
85749,AZ,TUCSON
85901,AZ,SHOW LOW
85920,AZ,ALPINE
85922,AZ,BLUE
85924,AZ,CONCHO
85925,AZ,EAGAR
85928,AZ,HEBER
85929,AZ,LAKESIDE
85935,AZ,PINETOP
85936,AZ,SAINT JOHNS
85937,AZ,SNOWFLAKE
85938,AZ,SPRINGERVILLE
86001,AZ,FLAGSTAFF
86004,AZ,FLAGSTAFF
86021,AZ,COLORADO CITY
86022,AZ,FREDONIA
86025,AZ,HOLBROOK
86030,AZ,HOTEVILLA
86033,AZ,KAYENTA
86034,AZ,KEAMS CANYON
86035,AZ,LEUPP
86036,AZ,MARBLE CANYON
86038,AZ,MORMON LAKE
86039,AZ,KYKOTSMOVI VILLA
86040,AZ,GREENEHAVEN
86042,AZ,POLACCA
86043,AZ,SECOND MESA
86044,AZ,TONALEA
86045,AZ,TUBA CITY
86046,AZ,WILLIAMS
86047,AZ,WINSLOW
86053,AZ,KAIBITO
86054,AZ,SHONTO
86301,AZ,PRESCOTT
86303,AZ,GROOM CREEK
86314,AZ,PRESCOTT VALLEY
86320,AZ,ASH FORK
86321,AZ,BAGDAD
86322,AZ,CAMP VERDE
86323,AZ,CHINO VALLEY
86324,AZ,CLARKDALE
86325,AZ,CORNVILLE
86326,AZ,COTTONWOOD
86327,AZ,DEWEY
86332,AZ,KIRKLAND
86333,AZ,MAYER
86334,AZ,PAULDEN
86335,AZ,RIMROCK
86336,AZ,SEDONA
86337,AZ,SELIGMAN
86343,AZ,CROWN KING
86401,AZ,KINGMAN
86403,AZ,DESERT HILLS
86412,AZ,HUALAPAI
86430,AZ,BULLHEAD CITY
86432,AZ,LITTLEFIELD
86434,AZ,PEACH SPRINGS
86435,AZ,SUPAI
86436,AZ,TOPOCK
86440,AZ,MOHAVE VALLEY
86441,AZ,DOLAN SPRINGS
86442,AZ,BULLHEAD CITY
86444,AZ,MEADVIEW
86502,AZ,CHAMBERS
86503,AZ,CHINLE
86505,AZ,GANADO
86507,AZ,LUKACHUKAI
86509,AZ,NAVAJO
86510,AZ,PINON
86514,AZ,TEEC NOS POS
86535,AZ,DENNEHOTSO
86538,AZ,MANY FARMS
86556,AZ,TSAILE
71601,AR,NORTH CEDAR
71602,AR,DOLLARWAY
71603,AR,PINE BLUFF
71630,AR,ARKANSAS CITY
71631,AR,BANKS
71635,AR,NORTH
71638,AR,DERMOTT
71639,AR,DUMAS
71640,AR,EUDORA
71642,AR,FOUNTAIN HILL
71643,AR,GOULD
71644,AR,TAMO
71646,AR,HAMBURG
71647,AR,INGALLS
71651,AR,JERSEY
71652,AR,KINGSLAND
71653,AR,LAKE VILLAGE
71654,AR,MC GEHEE
71655,AR,MONTICELLO
71658,AR,MONTROSE
71660,AR,NEW EDINBURG
71661,AR,PARKDALE
71662,AR,PICKENS
71663,AR,PORTLAND
71665,AR,RISON
71666,AR,ROHWER
71667,AR,STAR CITY
71670,AR,REED
71671,AR,WARREN
71674,AR,WATSON
71675,AR,WILMAR
71676,AR,WILMOT
71677,AR,WINCHESTER
71678,AR,YORKTOWN
71701,AR,EAST CAMDEN
71720,AR,BEARDEN
71722,AR,BLUFF CITY
71725,AR,CARTHAGE
71726,AR,READER
71730,AR,EL DORADO
71740,AR,EMERSON
71742,AR,FORDYCE
71743,AR,GURDON
71744,AR,HAMPTON
71745,AR,HARRELL
71747,AR,HUTTIG
71748,AR,IVAN
71749,AR,JUNCTION CITY
71751,AR,LOUANN
71752,AR,MC NEIL
71753,AR,MAGNOLIA
71758,AR,MOUNT HOLLY
71759,AR,NORPHLET
71762,AR,SMACKOVER
71763,AR,MANNING
71764,AR,STEPHENS
71765,AR,STRONG
71766,AR,THORNTON
71767,AR,TINSMAN
71769,AR,VILLAGE
71770,AR,WALDO
71801,AR,PERRYTOWN
71822,AR,ASHDOWN
71825,AR,BLEVINS
71826,AR,BRADLEY
71827,AR,BUCKNER
71828,AR,CALE
71831,AR,COLUMBUS
71832,AR,DE QUEEN
71833,AR,DIERKS
71834,AR,DODDRIDGE
71835,AR,EMMET
71836,AR,FOREMAN
71837,AR,FOUKE
71838,AR,FULTON
71839,AR,GARLAND CITY
71841,AR,GILLHAM
71842,AR,HORATIO
71845,AR,LEWISVILLE
71846,AR,LOCKESBURG
71847,AR,MC CASKILL
71851,AR,MINERAL SPRINGS
71852,AR,NASHVILLE
71853,AR,OGDEN
71855,AR,OZAN
71857,AR,PRESCOTT
71858,AR,ROSSTON
71859,AR,SARATOGA
71860,AR,STAMPS
71861,AR,TAYLOR
71862,AR,WASHINGTON
71864,AR,WILLISVILLE
71865,AR,WILTON
71866,AR,WINTHROP
71901,AR,LAKE CATHERINE
71909,AR,HOT SPRINGS VILL
71913,AR,LAKE HAMILTON
71921,AR,AMITY
71922,AR,ANTOINE
71923,AR,ARKADELPHIA
71929,AR,BISMARCK
71931,AR,BLAKELY
71933,AR,BONNERDALE
71935,AR,CADDO GAP
71937,AR,COVE
71940,AR,DELIGHT
71941,AR,DONALDSON
71942,AR,FRIENDSHIP
71943,AR,GLENWOOD
71944,AR,GRANNIS
71945,AR,HATFIELD
71949,AR,JESSIEVILLE
71950,AR,KIRBY
71952,AR,LANGLEY
71953,AR,MENA
71956,AR,BUCKVILLE
71957,AR,MOUNT IDA
71958,AR,MURFREESBORO
71959,AR,NEWHOPE
71960,AR,NORMAN
71961,AR,ODEN
71962,AR,OKOLONA
71964,AR,PEARCY
71965,AR,PENCIL BLUFF
71968,AR,ROYAL
71969,AR,SIMS
71970,AR,STORY
71971,AR,UMPIRE
71972,AR,VANDERVOORT
71973,AR,WICKES
72001,AR,ADONA
72002,AR,ALEXANDER
72003,AR,ALMYRA
72004,AR,ALTHEIMER
72005,AR,AMAGON
72006,AR,AUGUSTA
72007,AR,AUSTIN
72010,AR,BALD KNOB
72011,AR,BAUXITE
72012,AR,BEEBE
72013,AR,BEE BRANCH
72014,AR,BEEDEVILLE
72015,AR,BENTON
72016,AR,BIGELOW
72017,AR,BISCOE
72020,AR,BRADFORD
72021,AR,BRINKLEY
72022,AR,BRYANT
72023,AR,CABOT
72024,AR,CARLISLE
72025,AR,CASA
72026,AR,CASSCOE
72027,AR,CENTER RIDGE
72028,AR,CHOCTAW
72029,AR,CLARENDON
72030,AR,CLEVELAND
72031,AR,CLINTON
72032,AR,CONWAY
72036,AR,COTTON PLANT
72038,AR,CROCKETTS BLUFF
72039,AR,TWIN GROVES
72040,AR,DES ARC
72041,AR,DE VALLS BLUFF
72042,AR,DE WITT
72044,AR,EDGEMONT
72045,AR,EL PASO
72046,AR,ENGLAND
72047,AR,ENOLA
72048,AR,ETHEL
72051,AR,FOX
72052,AR,GARNER
72055,AR,GILLETT
72057,AR,GRAPEVINE
72058,AR,GREENBRIER
72060,AR,GRIFFITHVILLE
72061,AR,GUY
72063,AR,HATTIEVILLE
72064,AR,HAZEN
72065,AR,HENSLEY
72066,AR,HICKORY PLAINS
72067,AR,GREERS FERRY
72068,AR,HIGGINSON
72069,AR,HOLLY GROVE
72070,AR,HOUSTON
72072,AR,HUMNOKE
72073,AR,HUMPHREY
72076,AR,GRAVEL RIDGE
72079,AR,JEFFERSON
72080,AR,JERUSALEM
72081,AR,JUDSONIA
72082,AR,KENSETT
72083,AR,KEO
72084,AR,LEOLA
72086,AR,LONOKE
72087,AR,LONSDALE
72101,AR,MC CRORY
72102,AR,MC RAE
72103,AR,SHANNON HILLS
72104,AR,MALVERN
72105,AR,JONES MILLS
72106,AR,MAYFLOWER
72110,AR,MORRILTON
72111,AR,MOUNT VERNON
72112,AR,NEWPORT
72113,AR,MAUMELLE
72114,AR,NORTH LITTLE ROC
72116,AR,SHERWOOD
72117,AR,NORTH LITTLE ROC
72118,AR,CAMP JOSEPH T RO
72120,AR,NORTH LITTLE ROC
72121,AR,PANGBURN
72122,AR,PARON
72125,AR,PERRY
72126,AR,PERRYVILLE
72127,AR,PLUMERVILLE
72128,AR,POYEN
72129,AR,PRATTSVILLE
72130,AR,PRIM
72131,AR,QUITMAN
72132,AR,REDFIELD
72133,AR,REYDELL
72134,AR,ROE
72135,AR,ROLAND
72136,AR,ROMANCE
72137,AR,ROSE BUD
72140,AR,SAINT CHARLES
72141,AR,SCOTLAND
72142,AR,SCOTT
72143,AR,GEORGETOWN
72150,AR,SHERIDAN
72152,AR,SHERRILL
72153,AR,SHIRLEY
72156,AR,SOLGOHACHIA
72157,AR,SPRINGFIELD
72160,AR,STUTTGART
72165,AR,THIDA
72166,AR,TICHNOR
72167,AR,TRASKWOOD
72168,AR,TUCKER
72170,AR,ULM
72173,AR,VILONIA
72175,AR,WABBASEKA
72176,AR,WARD
72179,AR,WILBURN
72181,AR,WOOSTER
72182,AR,WRIGHT
72201,AR,LITTLE ROCK
72202,AR,LITTLE ROCK
72204,AR,LITTLE ROCK
72205,AR,LITTLE ROCK
72206,AR,LITTLE ROCK
72207,AR,LITTLE ROCK
72208,AR,FERNDALE
72209,AR,LITTLE ROCK
72210,AR,LITTLE ROCK
72211,AR,LITTLE ROCK
72212,AR,LITTLE ROCK
72301,AR,WEST MEMPHIS
72310,AR,ARMOREL
72311,AR,AUBREY
72313,AR,BASSETT
72314,AR,BIRDEYE
72315,AR,BLYTHEVILLE A F
72320,AR,BRICKEYS
72321,AR,BURDETTE
72324,AR,CHERRY VALLEY
72326,AR,COLT
72327,AR,CRAWFORDSVILLE
72328,AR,CRUMROD
72329,AR,DRIVER
72330,AR,DYESS
72331,AR,EARLE
72332,AR,EDMONDSON
72333,AR,ELAINE
72335,AR,FORREST CITY
72338,AR,FRENCHMANS BAYOU
72339,AR,GILMORE
72340,AR,GOODWIN
72341,AR,HAYNES
72342,AR,HELENA
72346,AR,HETH
72347,AR,HICKORY RIDGE
72348,AR,HUGHES
72350,AR,JOINER
72351,AR,KEISER
72354,AR,LEPANTO
72355,AR,LEXA
72358,AR,LUXORA
72360,AR,MARIANNA
72364,AR,MARION
72365,AR,MARKED TREE
72366,AR,MARVELL
72367,AR,MELLWOOD
72368,AR,MORO
72369,AR,ONEIDA
72370,AR,OSCEOLA
72372,AR,PALESTINE
72373,AR,PARKIN
72374,AR,POPLAR GROVE
72376,AR,PROCTOR
72379,AR,SNOW LAKE
72381,AR,TOMATO
72384,AR,TURRELL
72386,AR,TYRONZA
72390,AR,WEST HELENA
72392,AR,WHEATLEY
72394,AR,WIDENER
72395,AR,WILSON
72396,AR,WYNNE
72397,AR,FAIR OAKS
72401,AR,JONESBORO
72410,AR,ALICIA
72411,AR,BAY
72412,AR,BEECH GROVE
72413,AR,BIGGERS
72414,AR,BLACK OAK
72415,AR,BLACK ROCK
72416,AR,BONO
72417,AR,BROOKLAND
72419,AR,CARAWAY
72421,AR,CASH
72422,AR,CORNING
72424,AR,DATTO
72425,AR,DELAPLAINE
72426,AR,DELL
72428,AR,ETOWAH
72429,AR,FISHER
72430,AR,GREENWAY
72432,AR,HARRISBURG
72433,AR,HOXIE
72434,AR,IMBODEN
72435,AR,KNOBEL
72436,AR,LAFE
72437,AR,LAKE CITY
72438,AR,LEACHVILLE
72440,AR,LYNN
72441,AR,MC DOUGAL
72442,AR,ROSELAND
72443,AR,MARMADUKE
72444,AR,MAYNARD
72445,AR,MINTURN
72447,AR,MONETTE
72449,AR,O KEAN
72450,AR,PARAGOULD
72453,AR,PEACH ORCHARD
72454,AR,PIGGOTT
72455,AR,POCAHONTAS
72456,AR,POLLARD
72457,AR,PORTIA
72458,AR,POWHATAN
72459,AR,RAVENDEN
72460,AR,RAVENDEN SPRINGS
72461,AR,RECTOR
72464,AR,SAINT FRANCIS
72465,AR,SEDGWICK
72466,AR,SMITHVILLE
72467,AR,STATE UNIVERSITY
72469,AR,CALAMINE
72470,AR,SUCCESS
72471,AR,SWIFTON
72472,AR,PAYNEWAY
72473,AR,TUCKERMAN
72476,AR,COLLEGE CITY
72478,AR,WARM SPRINGS
72479,AR,WEINER
72482,AR,WILLIFORD
72501,AR,BATESVILLE
72512,AR,HORSESHOE BEND
72513,AR,AGNOS
72515,AR,BEXAR
72516,AR,BOSWELL
72517,AR,BROCKWELL
72519,AR,JORDAN
72520,AR,CAMP
72521,AR,CAVE CITY
72522,AR,CHARLOTTE
72523,AR,CONCORD
72524,AR,CORD
72526,AR,CUSHMAN
72527,AR,DESHA
72528,AR,DOLPH
72529,AR,CHEROKEE VILLAGE
72530,AR,DRASCO
72531,AR,ELIZABETH
72532,AR,EVENING SHADE
72533,AR,FIFTY SIX
72534,AR,FLORAL
72536,AR,FRANKLIN
72537,AR,GAMALIEL
72538,AR,GEPP
72539,AR,GLENCOE
72540,AR,GUION
72542,AR,HARDY
72543,AR,HEBER SPRINGS
72544,AR,HENDERSON
72546,AR,IDA
72550,AR,LOCUST GROVE
72553,AR,MAGNESS
72554,AR,MAMMOTH SPRING
72555,AR,MARCELLA
72556,AR,ZION
72557,AR,MOKO
72560,AR,HANOVER
72561,AR,MOUNT PLEASANT
72562,AR,NEWARK
72564,AR,OIL TROUGH
72565,AR,OXFORD
72566,AR,PINEVILLE
72567,AR,PLEASANT GROVE
72568,AR,PLEASANT PLAINS
72569,AR,POUGHKEEPSIE
72571,AR,ROSIE
72572,AR,SAFFELL
72573,AR,SAGE
72575,AR,SALADO
72576,AR,BYRON
72577,AR,SIDNEY
72578,AR,STURKIE
72579,AR,SULPHUR ROCK
72581,AR,TUMBLING SHOALS
72583,AR,VIOLA
72584,AR,VIOLET HILL
72585,AR,WIDEMAN
72587,AR,WISEMAN
72601,AR,HARRISON
72610,AR,ALCO
72611,AR,ALPENA
72612,AR,BASS
72616,AR,BERRYVILLE
72617,AR,BIG FLAT
72618,AR,BRUNO
72619,AR,BULL SHOALS
72623,AR,CLARKRIDGE
72624,AR,COMPTON
72626,AR,COTTER
72628,AR,DEER
72629,AR,DENNARD
72632,AR,EUREKA SPRINGS
72633,AR,EVERTON
72634,AR,FLIPPIN
72635,AR,GASSVILLE
72638,AR,GREEN FOREST
72639,AR,HARRIET
72640,AR,HASTY
72641,AR,JASPER
72642,AR,LAKEVIEW
72644,AR,LEAD HILL
72645,AR,LESLIE
72648,AR,DOGPATCH
72650,AR,MARSHALL
72651,AR,MIDWAY
72653,AR,MOUNTAIN HOME
72655,AR,MOUNT JUDEA
72657,AR,TIMBO
72658,AR,NORFORK
72660,AR,OAK GROVE
72661,AR,OAKLAND
72662,AR,OMAHA
72663,AR,ONIA
72666,AR,PARTHENON
72668,AR,PEEL
72669,AR,PINDALL
72670,AR,PONCA
72675,AR,SAINT JOE
72679,AR,TILLY
72680,AR,NEWNATA
72682,AR,VALLEY SPRINGS
72683,AR,VENDOR
72685,AR,WESTERN GROVE
72686,AR,WITTS SPRINGS
72687,AR,YELLVILLE
72701,AR,FAYETTEVILLE
72703,AR,FAYETTEVILLE
72712,AR,BENTONVILLE
72714,AR,BELLA VISTA
72716,AR,WAL-MART INC
72717,AR,CANEHILL
72718,AR,CAVE SPRINGS
72719,AR,CENTERTON
72721,AR,COMBS
72722,AR,DECATUR
72727,AR,ELKINS
72729,AR,EVANSVILLE
72730,AR,FARMINGTON
72732,AR,GARFIELD
72733,AR,GATEWAY
72734,AR,GENTRY
72735,AR,GOSHEN
72736,AR,GRAVETTE
72738,AR,HINDSVILLE
72739,AR,HIWASSE
72740,AR,HUNTSVILLE
72742,AR,KINGSTON
72744,AR,LINCOLN
72745,AR,LOWELL
72747,AR,MAYSVILLE
72749,AR,MORROW
72751,AR,PEA RIDGE
72752,AR,PETTIGREW
72753,AR,PRAIRIE GROVE
72756,AR,ROGERS
72760,AR,SAINT PAUL
72761,AR,SILOAM SPRINGS
72762,AR,SPRINGDALE
72764,AR,BETHEL HEIGHTS
72768,AR,SULPHUR SPRINGS
72769,AR,SUMMERS
72773,AR,WESLEY
72774,AR,WEST FORK
72776,AR,WITTER
72801,AR,RUSSELLVILLE
72820,AR,ALIX
72821,AR,ALTUS
72823,AR,ATKINS
72824,AR,BELLEVILLE
72826,AR,BLUE MOUNTAIN
72827,AR,BLUFFTON
72828,AR,BRIGGSVILLE
72830,AR,CLARKSVILLE
72832,AR,COAL HILL
72833,AR,DANVILLE
72834,AR,DARDANELLE
72835,AR,DELAWARE
72837,AR,DOVER
72838,AR,GRAVELLY
72839,AR,HAGARVILLE
72840,AR,HARTMAN
72841,AR,HARVEY
72842,AR,WAVELAND
72843,AR,HECTOR
72845,AR,KNOXVILLE
72846,AR,LAMAR
72847,AR,LONDON
72851,AR,NEW BLAINE
72852,AR,OARK
72853,AR,OLA
72854,AR,OZONE
72855,AR,PARIS
72856,AR,PELSOR
72857,AR,PLAINVIEW
72858,AR,POTTSVILLE
72860,AR,ROVER
72863,AR,SCRANTON
72865,AR,SUBIACO
72901,AR,FORT SMITH
72903,AR,FORT SMITH
72904,AR,FORT SMITH
72905,AR,FORT CHAFFEE
72916,AR,FORT SMITH
72921,AR,ALMA
72923,AR,BARLING
72924,AR,BATES
72926,AR,BOLES
72927,AR,BOONEVILLE
72928,AR,BRANCH
72930,AR,CECIL
72932,AR,CEDARVILLE
72933,AR,CHARLESTON
72934,AR,CHESTER
72936,AR,GREENWOOD
72937,AR,HACKETT
72938,AR,HARTFORD
72940,AR,HUNTINGTON
72941,AR,CENTRAL CITY
72943,AR,MAGAZINE
72944,AR,MANSFIELD
72946,AR,MOUNTAINBURG
72947,AR,MULBERRY
72948,AR,NATURAL DAM
72949,AR,OZARK
72950,AR,PARKS
72951,AR,RATCLIFF
72952,AR,RUDY
72955,AR,UNIONTOWN
72956,AR,VAN BUREN
72958,AR,WALDRON
72959,AR,WINSLOW
75502,AR,TEXARKANA
90001,CA,LOS ANGELES
90002,CA,LOS ANGELES
90003,CA,LOS ANGELES
90004,CA,LOS ANGELES
90005,CA,LOS ANGELES
90006,CA,LOS ANGELES
90007,CA,LOS ANGELES
90008,CA,LOS ANGELES
90010,CA,LOS ANGELES
90011,CA,LOS ANGELES
90012,CA,LOS ANGELES
90013,CA,LOS ANGELES
90014,CA,LOS ANGELES
90015,CA,LOS ANGELES
90016,CA,LOS ANGELES
90017,CA,LOS ANGELES
90018,CA,LOS ANGELES
90019,CA,LOS ANGELES
90020,CA,LOS ANGELES
90021,CA,LOS ANGELES
90022,CA,EAST LOS ANGELES
90023,CA,LOS ANGELES
90024,CA,LOS ANGELES
90025,CA,LOS ANGELES
90026,CA,LOS ANGELES
90027,CA,LOS ANGELES
90028,CA,LOS ANGELES
90029,CA,LOS ANGELES
90031,CA,LOS ANGELES
90032,CA,LOS ANGELES
90033,CA,LOS ANGELES
90034,CA,LOS ANGELES
90035,CA,LOS ANGELES
90036,CA,LOS ANGELES
90037,CA,LOS ANGELES
90038,CA,LOS ANGELES
90039,CA,LOS ANGELES
90040,CA,CITY OF COMMERCE
90041,CA,LOS ANGELES
90042,CA,LOS ANGELES
90043,CA,LOS ANGELES
90044,CA,LOS ANGELES
90045,CA,LOS ANGELES
90046,CA,COLE
90047,CA,LOS ANGELES
90048,CA,LOS ANGELES
90049,CA,LOS ANGELES
90056,CA,LOS ANGELES
90057,CA,LOS ANGELES
90058,CA,VERNON
90059,CA,LOS ANGELES
90061,CA,LOS ANGELES
90062,CA,LOS ANGELES
90063,CA,HAZARD
90064,CA,LOS ANGELES
90065,CA,LOS ANGELES
90066,CA,LOS ANGELES
90067,CA,LOS ANGELES
90068,CA,LOS ANGELES
90069,CA,WEST HOLLYWOOD
90071,CA,LOS ANGELES
90077,CA,LOS ANGELES
90201,CA,BELL GARDENS
90210,CA,BEVERLY HILLS
90211,CA,BEVERLY HILLS
90212,CA,BEVERLY HILLS
90220,CA,RANCHO DOMINGUEZ
90221,CA,EAST RANCHO DOMI
90222,CA,ROSEWOOD
90230,CA,CULVER CITY
90232,CA,CULVER CITY
90240,CA,DOWNEY
90241,CA,DOWNEY
90242,CA,DOWNEY
90245,CA,EL SEGUNDO
90247,CA,GARDENA
90248,CA,GARDENA
90249,CA,GARDENA
90250,CA,HOLLY PARK
90254,CA,HERMOSA BEACH
90255,CA,HUNTINGTON PARK
90260,CA,LAWNDALE
90262,CA,LYNWOOD
90265,CA,MALIBU
90266,CA,MANHATTAN BEACH
90270,CA,MAYWOOD
90272,CA,PACIFIC PALISADE
90274,CA,PALOS VERDES EST
90277,CA,REDONDO BEACH
90278,CA,REDONDO BEACH
90280,CA,SOUTH GATE
90290,CA,TOPANGA
90291,CA,VENICE
90292,CA,MARINA DEL REY
90293,CA,PLAYA DEL REY
90301,CA,INGLEWOOD
90302,CA,INGLEWOOD
90303,CA,INGLEWOOD
90304,CA,LENNOX
90305,CA,INGLEWOOD
90401,CA,SANTA MONICA
90402,CA,SANTA MONICA
90403,CA,SANTA MONICA
90404,CA,SANTA MONICA
90405,CA,SANTA MONICA
90501,CA,TORRANCE
90502,CA,TORRANCE
90503,CA,TORRANCE
90504,CA,TORRANCE
90505,CA,TORRANCE
90506,CA,TORRANCE
90601,CA,WHITTIER
90602,CA,WHITTIER
90603,CA,WHITTIER
90604,CA,WHITTIER
90605,CA,WHITTIER
90606,CA,LOS NIETOS
90620,CA,BUENA PARK
90621,CA,BUENA PARK
90623,CA,CERRITOS
90630,CA,CYPRESS
90631,CA,LA HABRA HEIGHTS
90638,CA,LA MIRADA
90640,CA,MONTEBELLO
90650,CA,NORWALK
90660,CA,PICO RIVERA
90670,CA,SANTA FE SPRINGS
90680,CA,STANTON
90701,CA,CERRITOS
90704,CA,AVALON
90706,CA,BELLFLOWER
90710,CA,HARBOR CITY
90712,CA,LAKEWOOD
90713,CA,LAKEWOOD
90715,CA,LAKEWOOD
90716,CA,HAWAIIAN GARDENS
90717,CA,RANCHO PALOS VER
90720,CA,ROSSMOOR
90723,CA,PARAMOUNT
90731,CA,SAN PEDRO
90732,CA,RANCHO PALOS VER
90740,CA,SEAL BEACH
90744,CA,WILMINGTON
90745,CA,CARSON
90746,CA,CARSON
90802,CA,LONG BEACH
90803,CA,LONG BEACH
90804,CA,SIGNAL HILL
90805,CA,LONG BEACH
90806,CA,SIGNAL HILL
90807,CA,SIGNAL HILL
90808,CA,LONG BEACH
90810,CA,CARSON
90813,CA,LONG BEACH
90814,CA,LONG BEACH
90815,CA,LONG BEACH
90822,CA,LONG BEACH
91001,CA,ALTADENA
91006,CA,ARCADIA
91007,CA,ARCADIA
91010,CA,BRADBURY
91011,CA,FLINTRIDGE
91016,CA,MONROVIA
91020,CA,MONTROSE
91024,CA,SIERRA MADRE
91030,CA,SOUTH PASADENA
91040,CA,SHADOW HILLS
91042,CA,TUJUNGA
91101,CA,PASADENA
91103,CA,PASADENA
91104,CA,PASADENA
91105,CA,PASADENA
91106,CA,PASADENA
91107,CA,PASADENA
91108,CA,SAN MARINO
91201,CA,GLENDALE
91202,CA,GLENDALE
91203,CA,GLENDALE
91204,CA,GLENDALE
91205,CA,GLENDALE
91206,CA,GLENDALE
91207,CA,GLENDALE
91208,CA,GLENDALE
91214,CA,LA CRESCENTA
91301,CA,OAK PARK
91302,CA,CALABASAS
91303,CA,CANOGA PARK
91304,CA,CANOGA PARK
91306,CA,WINNETKA
91307,CA,WEST HILLS
91311,CA,CHATSWORTH
91316,CA,ENCINO
91320,CA,NEWBURY PARK
91321,CA,NEWHALL
91324,CA,NORTHRIDGE
91325,CA,NORTHRIDGE
91326,CA,PORTER RANCH
91330,CA,CALIFORNIA STATE
91331,CA,ARLETA
91335,CA,RESEDA
91340,CA,SAN FERNANDO
91342,CA,SYLMAR
91343,CA,NORTH HILLS
91344,CA,GRANADA HILLS
91345,CA,MISSION HILLS
91350,CA,AGUA DULCE
91351,CA,CANYON COUNTRY
91352,CA,SUN VALLEY
91354,CA,VALENCIA
91355,CA,VALENCIA
91356,CA,TARZANA
91360,CA,THOUSAND OAKS
91361,CA,WESTLAKE VILLAGE
91362,CA,WESTLAKE VILLAGE
91364,CA,WOODLAND HILLS
91367,CA,WOODLAND HILLS
91381,CA,NEWHALL
91384,CA,CASTAIC
91401,CA,VAN NUYS
91402,CA,PANORAMA CITY
91403,CA,SHERMAN OAKS
91405,CA,VAN NUYS
91406,CA,VAN NUYS
91411,CA,VAN NUYS
91423,CA,SHERMAN OAKS
91436,CA,ENCINO
91501,CA,BURBANK
91502,CA,BURBANK
91504,CA,BURBANK
91505,CA,BURBANK
91506,CA,BURBANK
91601,CA,NORTH HOLLYWOOD
91602,CA,TOLUCA LAKE
91604,CA,STUDIO CITY
91605,CA,NORTH HOLLYWOOD
91606,CA,NORTH HOLLYWOOD
91607,CA,VALLEY VILLAGE
91701,CA,ALTA LOMA
91702,CA,AZUSA
91706,CA,IRWINDALE
91709,CA,CHINO HILLS
91710,CA,CHINO
91711,CA,CLAREMONT
91719,CA,CORONA
91720,CA,CORONA
91722,CA,COVINA
91723,CA,COVINA
91724,CA,COVINA
91730,CA,RANCHO CUCAMONGA
91731,CA,EL MONTE
91732,CA,EL MONTE
91733,CA,SOUTH EL MONTE
91737,CA,ALTA LOMA
91739,CA,ETIWANDA
91740,CA,GLENDORA
91744,CA,INDUSTRY
91745,CA,HACIENDA HEIGHTS
91746,CA,BASSETT
91748,CA,ROWLAND HEIGHTS
91750,CA,LA VERNE
91752,CA,MIRA LOMA
91754,CA,MONTEREY PARK
91759,CA,MT BALDY
91760,CA,NORCO
91761,CA,ONTARIO
91762,CA,ONTARIO
91763,CA,MONTCLAIR
91764,CA,ONTARIO
91765,CA,DIAMOND BAR
91766,CA,PHILLIPS RANCH
91767,CA,POMONA
91768,CA,POMONA
91770,CA,ROSEMEAD
91773,CA,SAN DIMAS
91775,CA,SAN GABRIEL
91776,CA,SAN GABRIEL
91780,CA,TEMPLE CITY
91786,CA,UPLAND
91789,CA,DIAMOND BAR
91790,CA,WEST COVINA
91791,CA,WEST COVINA
91792,CA,WEST COVINA
91801,CA,ALHAMBRA
91803,CA,ALHAMBRA
91901,CA,ALPINE
91902,CA,BONITA
91905,CA,BOULEVARD
91906,CA,CAMPO
91910,CA,CHULA VISTA
91911,CA,CHULA VISTA
91913,CA,CHULA VISTA
91914,CA,CHULA VISTA
91915,CA,CHULA VISTA
91916,CA,DESCANSO
91917,CA,DULZURA
91932,CA,IMPERIAL BEACH
91934,CA,JACUMBA
91935,CA,JAMUL
91941,CA,LA MESA
91942,CA,LA MESA
91945,CA,LEMON GROVE
91950,CA,NATIONAL CITY
91962,CA,PINE VALLEY
91963,CA,POTRERO
91977,CA,SPRING VALLEY
91978,CA,SPRING VALLEY
91980,CA,TECATE
92003,CA,BONSALL
92004,CA,BORREGO SPRINGS
92007,CA,CARDIFF BY THE S
92008,CA,CARLSBAD
92009,CA,CARLSBAD
92014,CA,DEL MAR
92019,CA,EL CAJON
92020,CA,EL CAJON
92021,CA,EL CAJON
92024,CA,ENCINITAS
92025,CA,ESCONDIDO
92026,CA,ESCONDIDO
92027,CA,ESCONDIDO
92028,CA,FALLBROOK
92029,CA,ESCONDIDO
92036,CA,JULIAN
92037,CA,LA JOLLA
92040,CA,LAKESIDE
92054,CA,OCEANSIDE
92055,CA,MARINE CORP BASE
92056,CA,OCEANSIDE
92057,CA,OCEANSIDE
92059,CA,PALA
92061,CA,PAUMA VALLEY
92064,CA,POWAY
92065,CA,RAMONA
92066,CA,RANCHITA
92068,CA,SAN LUIS REY
92069,CA,SAN MARCOS
92070,CA,SANTA YSABEL
92071,CA,SANTEE
92075,CA,SOLANA BEACH
92082,CA,VALLEY CENTER
92083,CA,VISTA
92084,CA,VISTA
92086,CA,WARNER SPRINGS
92101,CA,SAN DIEGO
92102,CA,SAN DIEGO
92103,CA,SAN DIEGO
92104,CA,SAN DIEGO
92105,CA,SAN DIEGO
92106,CA,SAN DIEGO
92107,CA,SAN DIEGO
92108,CA,SAN DIEGO
92109,CA,SAN DIEGO
92110,CA,SAN DIEGO
92111,CA,SAN DIEGO
92113,CA,SAN DIEGO
92114,CA,SAN DIEGO
92115,CA,SAN DIEGO
92116,CA,SAN DIEGO
92117,CA,SAN DIEGO
92118,CA,CORONADO
92119,CA,SAN DIEGO
92120,CA,SAN DIEGO
92121,CA,SAN DIEGO
92122,CA,SAN DIEGO
92123,CA,SAN DIEGO
92124,CA,SAN DIEGO
92126,CA,SAN DIEGO
92127,CA,SAN DIEGO
92128,CA,SAN DIEGO
92129,CA,SAN DIEGO
92130,CA,SAN DIEGO
92131,CA,SAN DIEGO
92135,CA,SAN DIEGO
92136,CA,SAN DIEGO
92139,CA,SAN DIEGO
92145,CA,SAN DIEGO
92154,CA,SAN DIEGO
92155,CA,SAN DIEGO
92173,CA,SAN YSIDRO
92201,CA,CHIRIACO SUMMIT
92210,CA,INDIAN WELLS
92220,CA,BANNING
92223,CA,BEAUMONT
92225,CA,LOST LAKE
92227,CA,BRAWLEY
92230,CA,CABAZON
92231,CA,CALEXICO
92233,CA,CALIPATRIA
92234,CA,CATHEDRAL CITY
92236,CA,COACHELLA
92239,CA,EAGLE MOUNTAIN
92240,CA,DESERT HOT SPRIN
92242,CA,BIG RIVER
92243,CA,EL CENTRO
92249,CA,HEBER
92250,CA,HOLTVILLE
92251,CA,IMPERIAL
92252,CA,JOSHUA TREE
92253,CA,LA QUINTA
92256,CA,MORONGO VALLEY
92257,CA,NILAND
92260,CA,PALM CITY
92262,CA,PALM SPRINGS
92264,CA,PALM SPRINGS
92267,CA,PARKER DAM
92270,CA,RANCHO MIRAGE
92272,CA,BLYTHE
92274,CA,SALTON CITY
92276,CA,THOUSAND PALMS
92277,CA,TWENTYNINE PALMS
92278,CA,TWENTYNINE PALMS
92280,CA,VIDAL
92281,CA,WESTMORLAND
92282,CA,WHITE WATER
92283,CA,FELICITY
92284,CA,YUCCA VALLEY
92301,CA,ADELANTO
92304,CA,AMBOY
92305,CA,ANGELUS OAKS
92307,CA,APPLE VALLEY
92308,CA,APPLE VALLEY
92309,CA,BAKER
92310,CA,FORT IRWIN
92311,CA,BARSTOW
92314,CA,BIG BEAR CITY
92316,CA,BLOOMINGTON
92320,CA,CALIMESA
92324,CA,GRAND TERRACE
92327,CA,DAGGETT
92328,CA,DEATH VALLEY
92332,CA,ESSEX
92335,CA,FONTANA
92336,CA,FONTANA
92338,CA,LUDLOW
92339,CA,FOREST FALLS
92342,CA,HELENDALE
92345,CA,HESPERIA
92346,CA,EAST HIGHLAND
92347,CA,HINKLEY
92351,CA,KELSO
92354,CA,LOMA LINDA
92356,CA,LUCERNE VALLEY
92358,CA,LYTLE CREEK
92359,CA,MENTONE
92363,CA,NEEDLES
92364,CA,NIPTON
92365,CA,NEWBERRY SPRINGS
92368,CA,ORO GRANDE
92371,CA,PHELAN
92372,CA,PINON HILLS
92373,CA,REDLANDS
92374,CA,REDLANDS
92376,CA,RIALTO
92384,CA,SHOSHONE
92389,CA,TECOPA
92392,CA,SPRING VALLEY LA
92394,CA,GEORGE AFB
92397,CA,WRIGHTWOOD
92399,CA,YUCAIPA
92401,CA,SAN BERNARDINO
92404,CA,SAN BERNARDINO
92405,CA,MUSCOY
92407,CA,SAN BERNARDINO
92408,CA,SAN BERNARDINO
92409,CA,SAN BERNARDINO
92410,CA,SAN BERNARDINO
92411,CA,SAN BERNARDINO
92501,CA,RIVERSIDE
92503,CA,RIVERSIDE
92504,CA,RIVERSIDE
92505,CA,RIVERSIDE
92506,CA,RIVERSIDE
92507,CA,RIVERSIDE
92508,CA,RIVERSIDE
92509,CA,RUBIDOUX
92530,CA,LAKE ELSINORE
92532,CA,LAKE ELSINORE
92536,CA,AGUANGA
92539,CA,ANZA
92543,CA,HEMET
92544,CA,HEMET
92545,CA,HEMET
92548,CA,HOMELAND
92549,CA,IDYLLWILD
92553,CA,MORENO VALLEY
92555,CA,MORENO VALLEY
92557,CA,MORENO VALLEY
92561,CA,MOUNTAIN CENTER
92562,CA,MURRIETA
92563,CA,MURRIETA
92567,CA,LAKEVIEW
92570,CA,MEAD VALLEY
92571,CA,PERRIS
92582,CA,SAN JACINTO
92583,CA,GILMAN HOT SPRIN
92584,CA,MENIFEE
92585,CA,ROMOLAND
92586,CA,SUN CITY
92587,CA,CANYON LAKE
92590,CA,TEMECULA
92591,CA,TEMECULA
92592,CA,TEMECULA
92595,CA,WILDOMAR
92596,CA,WINCHESTER
92610,CA,FOOTHILL RANCH
92621,CA,BREA
92624,CA,CAPISTRANO BEACH
92625,CA,CORONA DEL MAR
92626,CA,COSTA MESA
92627,CA,COSTA MESA
92629,CA,MONARCH BAY
92630,CA,LAKE FOREST
92631,CA,FULLERTON
92632,CA,FULLERTON
92633,CA,FULLERTON
92635,CA,FULLERTON
92640,CA,GARDEN GROVE
92641,CA,GARDEN GROVE
92643,CA,GARDEN GROVE
92644,CA,GARDEN GROVE
92645,CA,GARDEN GROVE
92646,CA,HUNTINGTON BEACH
92647,CA,HUNTINGTON BEACH
92648,CA,HUNTINGTON BEACH
92649,CA,HUNTINGTON BEACH
92651,CA,LAGUNA NIGUEL
92653,CA,LAGUNA HILLS
92655,CA,MIDWAY CITY
92656,CA,ALISO VIEJO
92657,CA,NEWPORT BEACH
92660,CA,NEWPORT BEACH
92661,CA,NEWPORT BEACH
92662,CA,NEWPORT BEACH
92663,CA,NEWPORT BEACH
92665,CA,ORANGE
92666,CA,ORANGE
92667,CA,VILLA PARK
92668,CA,ORANGE
92669,CA,ORANGE
92670,CA,PLACENTIA
92672,CA,SAN CLEMENTE
92675,CA,MISSION VIEJO
92677,CA,LAGUNA NIGUEL
92679,CA,COTO DE CAZA
92680,CA,TUSTIN
92683,CA,WESTMINSTER
92686,CA,YORBA LINDA
92687,CA,YORBA LINDA
92688,CA,RANCHO SANTA MAR
92691,CA,MISSION VIEJO
92692,CA,MISSION VIEJO
92701,CA,SANTA ANA
92703,CA,SANTA ANA
92704,CA,SANTA ANA
92705,CA,COWAN HEIGHTS
92706,CA,SANTA ANA
92707,CA,SANTA ANA HEIGHT
92708,CA,FOUNTAIN VALLEY
92709,CA,EL TORO MARINE C
92714,CA,IRVINE
92715,CA,IRVINE
92718,CA,IRVINE
92720,CA,IRVINE
92801,CA,ANAHEIM
92802,CA,ANAHEIM
92804,CA,ANAHEIM
92805,CA,ANAHEIM
92806,CA,ANAHEIM
92807,CA,ANAHEIM
92808,CA,ANAHEIM
93001,CA,SAN BUENAVENTURA
93003,CA,SAN BUENAVENTURA
93004,CA,SAN BUENAVENTURA
93010,CA,CAMARILLO
93012,CA,CAMARILLO
93013,CA,CARPINTERIA
93015,CA,BARDSDALE
93021,CA,MOORPARK
93022,CA,OAK VIEW
93023,CA,OJAI
93030,CA,OXNARD
93033,CA,OXNARD
93035,CA,OXNARD
93041,CA,PORT HUENEME
93042,CA,POINT MUGU NAWC
93043,CA,PORT HUENEME CBC
93060,CA,SANTA PAULA
93063,CA,SANTA SUSANA
93065,CA,SIMI VALLEY
93066,CA,SOMIS
93067,CA,SUMMERLAND
93101,CA,SANTA BARBARA
93103,CA,SANTA BARBARA
93105,CA,SANTA BARBARA
93108,CA,MONTECITO
93109,CA,SANTA BARBARA
93110,CA,SANTA BARBARA
93111,CA,SANTA BARBARA
93117,CA,GOLETA
93202,CA,ARMONA
93203,CA,ARVIN
93204,CA,AVENAL
93205,CA,BODFISH
93206,CA,BUTTONWILLOW
93207,CA,CALIFORNIA HOT S
93210,CA,COALINGA
93212,CA,CORCORAN
93214,CA,CUYAMA
93215,CA,DELANO
93217,CA,DI GIORGIO
93219,CA,EARLIMART
93221,CA,EXETER
93223,CA,FARMERSVILLE
93224,CA,FELLOWS
93225,CA,FRAZIER PARK
93226,CA,GLENNVILLE
93230,CA,HANFORD
93234,CA,HURON
93235,CA,IVANHOE
93238,CA,KERNVILLE
93239,CA,KETTLEMAN CITY
93240,CA,MOUNTAIN MESA
93241,CA,LAMONT
93242,CA,LATON
93243,CA,GORMAN
93244,CA,LEMONCOVE
93245,CA,LEMOORE NAVAL AI
93247,CA,LINDSAY
93249,CA,LOST HILLS
93250,CA,MC FARLAND
93251,CA,MC KITTRICK
93252,CA,MARICOPA
93254,CA,NEW CUYAMA
93255,CA,ONYX
93256,CA,PIXLEY
93257,CA,PORTERVILLE
93260,CA,POSEY
93262,CA,GIANT FOREST
93263,CA,SHAFTER
93265,CA,SPRINGVILLE
93266,CA,STRATFORD
93267,CA,STRATHMORE
93268,CA,TAFT
93270,CA,TERRA BELLA
93271,CA,THREE RIVERS
93272,CA,TIPTON
93274,CA,TULARE
93276,CA,TUPMAN
93277,CA,VISALIA
93280,CA,POND
93283,CA,WELDON
93285,CA,WOFFORD HEIGHTS
93286,CA,WOODLAKE
93287,CA,WOODY
93291,CA,VISALIA
93301,CA,BAKERSFIELD
93304,CA,BAKERSFIELD
93305,CA,COLLEGE HEIGHTS
93306,CA,BAKERSFIELD
93307,CA,BAKERSFIELD
93308,CA,BAKERSFIELD
93309,CA,BAKERSFIELD
93311,CA,BAKERSFIELD
93312,CA,GREENACRES
93313,CA,BAKERSFIELD
93401,CA,SAN LUIS OBISPO
93402,CA,LOS OSOS
93405,CA,SAN LUIS OBISPO
93420,CA,HALCYON
93422,CA,ATASCADERO
93426,CA,BRADLEY
93427,CA,BUELLTON
93428,CA,CAMBRIA
93430,CA,CAYUCOS
93431,CA,CHOLAME
93432,CA,CRESTON
93433,CA,GROVER BEACH
93434,CA,GUADALUPE
93436,CA,LOMPOC
93437,CA,LOMPOC
93442,CA,MORRO BAY
93444,CA,NIPOMO
93445,CA,OCEANO
93446,CA,ADELAIDE
93449,CA,SHELL BEACH
93450,CA,SAN ARDO
93451,CA,PARKFIELD
93452,CA,SAN SIMEON
93453,CA,CALIFORNIA VALLE
93454,CA,SANTA MARIA
93455,CA,ORCUTT
93460,CA,SANTA YNEZ
93461,CA,SHANDON
93463,CA,BALLARD
93465,CA,TEMPLETON
93501,CA,MOJAVE
93505,CA,CALIFORNIA CITY
93510,CA,ACTON
93512,CA,BENTON
93513,CA,BIG PINE
93514,CA,TOMS PLACE
93516,CA,BORON
93517,CA,BRIDGEPORT
93518,CA,HAVILAH
93519,CA,CANTIL
93523,CA,NORTH EDWARDS
93526,CA,INDEPENDENCE
93527,CA,PEARSONVILLE
93528,CA,JOHANNESBURG
93529,CA,JUNE LAKE
93531,CA,KEENE
93532,CA,ELIZABETH LAKE
93534,CA,LANCASTER
93535,CA,HI VISTA
93536,CA,QUARTZ HILL
93541,CA,LEE VINING
93543,CA,JUNIPER HILLS
93544,CA,CRYSTALAIRE
93545,CA,LONE PINE
93546,CA,CROWLEY LAKE
93550,CA,LAKE LOS ANGELES
93551,CA,LEONA VALLEY
93553,CA,JUNIPER HILLS
93554,CA,RANDSBURG
93555,CA,CHINA LAKE NWC
93560,CA,WILLOW SPRINGS
93561,CA,BEAR VALLEY SPRI
93562,CA,ARGUS
93563,CA,VALYERMO
93601,CA,AHWAHNEE
93602,CA,AUBERRY
93604,CA,BASS LAKE
93608,CA,CANTUA CREEK
93609,CA,CARUTHERS
93610,CA,CHOWCHILLA
93612,CA,CLOVIS
93614,CA,COARSEGOLD
93615,CA,CUTLER
93616,CA,DEL REY
93618,CA,DINUBA
93620,CA,DOS PALOS
93621,CA,DUNLAP
93622,CA,FIREBAUGH
93623,CA,FISH CAMP
93625,CA,FOWLER
93626,CA,FRIANT
93627,CA,HELM
93630,CA,KERMAN
93631,CA,KINGSBURG
93633,CA,KINGS CANYON NAT
93635,CA,LOS BANOS
93637,CA,MADERA
93638,CA,MADERA
93640,CA,MENDOTA
93641,CA,MIRAMONTE
93643,CA,NORTH FORK
93644,CA,OAKHURST
93645,CA,O NEALS
93646,CA,ORANGE COVE
93647,CA,OROSI
93648,CA,PARLIER
93650,CA,PINEDALE
93651,CA,PRATHER
93652,CA,RAISIN
93653,CA,RAYMOND
93654,CA,REEDLEY
93656,CA,RIVERDALE
93657,CA,SANGER
93660,CA,SAN JOAQUIN
93662,CA,SELMA
93664,CA,SHAVER LAKE
93667,CA,TOLLHOUSE
93668,CA,TRANQUILLITY
93669,CA,WISHON
93675,CA,SQUAW VALLEY
93701,CA,FRESNO
93702,CA,FRESNO
93703,CA,FRESNO
93704,CA,FIG GARDEN VILLA
93705,CA,FRESNO
93706,CA,EASTON
93710,CA,FRESNO
93711,CA,FRESNO
93720,CA,FRESNO
93721,CA,FRESNO
93722,CA,FRESNO
93725,CA,CALWA
93726,CA,FRESNO
93727,CA,FRESNO
93728,CA,FRESNO
93901,CA,SALINAS
93905,CA,SALINAS
93906,CA,SALINAS
93907,CA,PRUNEDALE
93908,CA,SALINAS
93920,CA,BIG SUR
93923,CA,CARMEL
93924,CA,CARMEL VALLEY
93925,CA,CHUALAR
93926,CA,GONZALES
93927,CA,GREENFIELD
93930,CA,KING CITY
93932,CA,LOCKWOOD
93933,CA,MARINA
93940,CA,DEL REY OAKS
93941,CA,FORT ORD
93950,CA,PACIFIC GROVE
93953,CA,PEBBLE BEACH
93955,CA,SAND CITY
93960,CA,SOLEDAD
94002,CA,BELMONT
94005,CA,BRISBANE
94010,CA,HILLSBOROUGH
94014,CA,COLMA
94015,CA,DALY CITY
94019,CA,HALF MOON BAY
94020,CA,LA HONDA
94021,CA,LOMA MAR
94022,CA,LOS ALTOS
94024,CA,LOS ALTOS
94025,CA,WEST MENLO PARK
94027,CA,ATHERTON
94028,CA,LADERA
94030,CA,MILLBRAE
94035,CA,MOFFETT FIELD
94038,CA,MOSS BEACH
94040,CA,MOUNTAIN VIEW
94041,CA,MOUNTAIN VIEW
94043,CA,MOUNTAIN VIEW
94044,CA,PACIFICA
94060,CA,PESCADERO
94061,CA,REDWOOD CITY
94062,CA,WOODSIDE
94063,CA,REDWOOD CITY
94065,CA,REDWOOD CITY
94066,CA,SAN BRUNO
94070,CA,SAN CARLOS
94074,CA,SAN GREGORIO
94080,CA,SOUTH SAN FRANCI
94086,CA,SUNNYVALE
94087,CA,SUNNYVALE
94089,CA,SUNNYVALE
94102,CA,SAN FRANCISCO
94103,CA,SAN FRANCISCO
94104,CA,SAN FRANCISCO
94105,CA,SAN FRANCISCO
94107,CA,SAN FRANCISCO
94108,CA,SAN FRANCISCO
94109,CA,SAN FRANCISCO
94110,CA,SAN FRANCISCO
94111,CA,SAN FRANCISCO
94112,CA,SAN FRANCISCO
94114,CA,SAN FRANCISCO
94115,CA,SAN FRANCISCO
94116,CA,SAN FRANCISCO
94117,CA,SAN FRANCISCO
94118,CA,SAN FRANCISCO
94121,CA,SAN FRANCISCO
94122,CA,SAN FRANCISCO
94123,CA,SAN FRANCISCO
94124,CA,SAN FRANCISCO
94127,CA,SAN FRANCISCO
94129,CA,SAN FRANCISCO
94130,CA,SAN FRANCISCO
94131,CA,SAN FRANCISCO
94132,CA,SAN FRANCISCO
94133,CA,SAN FRANCISCO
94134,CA,SAN FRANCISCO
94301,CA,PALO ALTO
94303,CA,EAST PALO ALTO
94304,CA,PALO ALTO
94305,CA,STANFORD
94306,CA,PALO ALTO
94401,CA,RUSSIAN RIVER
94402,CA,SAN MATEO
94403,CA,SAN MATEO
94404,CA,FOSTER CITY
94501,CA,COAST GUARD ISLA
94507,CA,ALAMO
94508,CA,ANGWIN
94509,CA,ANTIOCH
94510,CA,BENICIA
94512,CA,BIRDS LANDING
94513,CA,BRENTWOOD
94514,CA,BYRON
94515,CA,CALISTOGA
94517,CA,CLAYTON
94518,CA,CONCORD
94519,CA,CONCORD
94520,CA,CONCORD
94521,CA,CONCORD
94523,CA,PLEASANT HILL
94525,CA,CROCKETT
94526,CA,DANVILLE
94528,CA,DIABLO
94530,CA,EL CERRITO
94533,CA,FAIRFIELD
94535,CA,TRAVIS AFB
94536,CA,FREMONT
94538,CA,FREMONT
94539,CA,FREMONT
94541,CA,HAYWARD
94542,CA,HAYWARD
94544,CA,HAYWARD
94545,CA,HAYWARD
94546,CA,CASTRO VALLEY
94547,CA,HERCULES
94548,CA,KNIGHTSEN
94549,CA,LAFAYETTE
94550,CA,LIVERMORE
94552,CA,CASTRO VALLEY
94553,CA,PACHECO
94555,CA,FREMONT
94556,CA,MORAGA
94558,CA,SPANISH FLAT
94559,CA,NAPA
94560,CA,NEWARK
94561,CA,OAKLEY
94563,CA,ORINDA
94564,CA,PINOLE
94565,CA,SHORE ACRES
94566,CA,PLEASANTON
94567,CA,POPE VALLEY
94568,CA,DUBLIN
94569,CA,PORT COSTA
94571,CA,RIO VISTA
94572,CA,RODEO
94574,CA,SAINT HELENA
94577,CA,SAN LEANDRO
94578,CA,SAN LEANDRO
94579,CA,SAN LEANDRO
94580,CA,SAN LORENZO
94583,CA,SAN RAMON
94585,CA,SUISUN CITY
94586,CA,SUNOL
94587,CA,UNION CITY
94588,CA,PLEASANTON
94589,CA,AMERICAN CANYON
94590,CA,VALLEJO
94591,CA,VALLEJO
94592,CA,MARE ISLAND
94595,CA,WALNUT CREEK
94596,CA,WALNUT CREEK
94598,CA,WALNUT CREEK
94599,CA,YOUNTVILLE
94601,CA,OAKLAND
94602,CA,OAKLAND
94603,CA,OAKLAND
94605,CA,OAKLAND
94606,CA,OAKLAND
94607,CA,OAKLAND
94608,CA,EMERYVILLE
94609,CA,OAKLAND
94610,CA,OAKLAND
94611,CA,PIEDMONT
94612,CA,OAKLAND
94613,CA,OAKLAND
94618,CA,PIEDMONT
94619,CA,OAKLAND
94621,CA,OAKLAND
94702,CA,BERKELEY
94703,CA,BERKELEY
94704,CA,BERKELEY
94705,CA,BERKELEY
94706,CA,ALBANY
94707,CA,KENSINGTON
94708,CA,KENSINGTON
94709,CA,BERKELEY
94710,CA,BERKELEY
94801,CA,RICHMOND
94803,CA,EL SOBRANTE
94804,CA,RICHMOND
94805,CA,RICHMOND
94806,CA,SAN PABLO
94901,CA,SAN RAFAEL
94903,CA,CIVIC CENTER
94904,CA,KENTFIELD
94920,CA,BELVEDERE
94922,CA,BODEGA
94923,CA,BODEGA BAY
94924,CA,BOLINAS
94925,CA,CORTE MADERA
94928,CA,ROHNERT PARK
94930,CA,FAIRFAX
94931,CA,COTATI
94933,CA,FOREST KNOLLS
94937,CA,INVERNESS
94938,CA,LAGUNITAS
94939,CA,LARKSPUR
94940,CA,MARSHALL
94941,CA,MILL VALLEY
94945,CA,NOVATO
94946,CA,NICASIO
94947,CA,NOVATO
94949,CA,NOVATO
94951,CA,PENNGROVE
94952,CA,PETALUMA
94954,CA,PETALUMA
94956,CA,POINT REYES STAT
94960,CA,SAN ANSELMO
94963,CA,SAN GERONIMO
94965,CA,SAUSALITO
94970,CA,STINSON BEACH
94972,CA,VALLEY FORD
94973,CA,WOODACRE
95002,CA,ALVISO
95003,CA,APTOS
95004,CA,AROMAS
95005,CA,BEN LOMOND
95006,CA,BOULDER CREEK
95008,CA,CAMPBELL
95010,CA,CAPITOLA
95012,CA,CASTROVILLE
95013,CA,COYOTE
95014,CA,MONTE VISTA
95017,CA,DAVENPORT
95018,CA,FELTON
95019,CA,FREEDOM
95020,CA,GILROY
95023,CA,HOLLISTER
95030,CA,MONTE SERENO
95032,CA,LOS GATOS
95035,CA,MILPITAS
95037,CA,MORGAN HILL
95043,CA,PAICINES
95045,CA,SAN JUAN BAUTIST
95046,CA,SAN MARTIN
95050,CA,SANTA CLARA
95051,CA,SANTA CLARA
95054,CA,SANTA CLARA
95060,CA,SCOTTS VALLEY
95062,CA,SANTA CRUZ
95064,CA,SANTA CRUZ
95065,CA,SANTA CRUZ
95066,CA,SCOTTS VALLEY
95070,CA,SARATOGA
95073,CA,SOQUEL
95076,CA,LA SELVA BEACH
95110,CA,SAN JOSE
95111,CA,SAN JOSE
95112,CA,SAN JOSE
95113,CA,SAN JOSE
95116,CA,SAN JOSE
95117,CA,SAN JOSE
95118,CA,SAN JOSE
95119,CA,SAN JOSE
95120,CA,SAN JOSE
95121,CA,SAN JOSE
95122,CA,SAN JOSE
95123,CA,SAN JOSE
95124,CA,SAN JOSE
95125,CA,SAN JOSE
95126,CA,SAN JOSE
95127,CA,SAN JOSE
95128,CA,SAN JOSE
95129,CA,SAN JOSE
95130,CA,SAN JOSE
95131,CA,SAN JOSE
95132,CA,SAN JOSE
95133,CA,SAN JOSE
95134,CA,SAN JOSE
95135,CA,SAN JOSE
95136,CA,SAN JOSE
95138,CA,SAN JOSE
95139,CA,SAN JOSE
95140,CA,MOUNT HAMILTON
95141,CA,SAN JOSE
95148,CA,SAN JOSE
95202,CA,STOCKTON
95203,CA,STOCKTON
95204,CA,STOCKTON
95205,CA,STOCKTON
95206,CA,STOCKTON
95207,CA,STOCKTON
95209,CA,STOCKTON
95210,CA,STOCKTON
95211,CA,UNIV OF THE PACI
95212,CA,STOCKTON
95215,CA,STOCKTON
95219,CA,STOCKTON
95220,CA,ACAMPO
95222,CA,ANGELS CAMP
95223,CA,BEAR VALLEY
95228,CA,COPPEROPOLIS
95230,CA,FARMINGTON
95231,CA,FRENCH CAMP
95232,CA,GLENCOE
95236,CA,LINDEN
95237,CA,LOCKEFORD
95240,CA,LODI
95242,CA,LODI
95245,CA,MOKELUMNE HILL
95246,CA,MOUNTAIN RANCH
95247,CA,MURPHYS
95249,CA,SAN ANDREAS
95251,CA,VALLECITO
95252,CA,VALLEY SPRINGS
95255,CA,WEST POINT
95257,CA,WILSEYVILLE
95258,CA,WOODBRIDGE
95301,CA,ATWATER
95303,CA,BALLICO
95306,CA,CATHEYS VALLEY
95307,CA,CERES
95309,CA,CHINESE CAMP
95310,CA,COLUMBIA
95311,CA,COULTERVILLE
95313,CA,CROWS LANDING
95315,CA,DELHI
95316,CA,DENAIR
95317,CA,EL NIDO
95320,CA,ESCALON
95321,CA,GROVELAND
95322,CA,GUSTINE
95323,CA,HICKMAN
95324,CA,HILMAR
95325,CA,HORNITOS
95326,CA,HUGHSON
95327,CA,JAMESTOWN
95329,CA,LA GRANGE
95330,CA,LATHROP
95333,CA,LE GRAND
95334,CA,LIVINGSTON
95335,CA,COLD SPRINGS
95336,CA,MANTECA
95338,CA,MARIPOSA
95340,CA,RED TOP
95345,CA,MIDPINES
95346,CA,MI WUK VILLAGE
95348,CA,MERCED
95350,CA,MODESTO
95351,CA,MODESTO
95354,CA,MODESTO
95355,CA,MODESTO
95356,CA,MODESTO
95360,CA,NEWMAN
95361,CA,KNIGHTS FERRY
95363,CA,PATTERSON
95364,CA,PINECREST
95366,CA,RIPON
95367,CA,RIVERBANK
95368,CA,SALIDA
95369,CA,SNELLING
95370,CA,SONORA
95372,CA,SOULSBYVILLE
95374,CA,STEVINSON
95376,CA,TRACY
95379,CA,TUOLUMNE
95380,CA,TURLOCK
95383,CA,TWAIN HARTE
95386,CA,WATERFORD
95388,CA,WINTON
95401,CA,SANTA ROSA
95403,CA,SANTA ROSA
95404,CA,SANTA ROSA
95405,CA,SANTA ROSA
95407,CA,SANTA ROSA
95409,CA,SANTA ROSA
95410,CA,ALBION
95411,CA,95411
95412,CA,ANNAPOLIS
95414,CA,95414
95415,CA,BOONVILLE
95417,CA,BRANSCOMB
95420,CA,CASPAR
95421,CA,CAZADERO
95422,CA,CLEARLAKE
95423,CA,CLEARLAKE OAKS
95425,CA,CLOVERDALE
95427,CA,COMPTCHE
95428,CA,COVELO
95429,CA,DOS RIOS
95432,CA,ELK
95436,CA,FORESTVILLE
95437,CA,FORT BRAGG
95439,CA,FULTON
95440,CA,95440
95441,CA,GEYSERVILLE
95442,CA,GLEN ELLEN
95443,CA,GLENHAVEN
95444,CA,GRATON
95445,CA,GUALALA
95446,CA,GUERNEVILLE
95448,CA,HEALDSBURG
95449,CA,HOPLAND
95450,CA,JENNER
95451,CA,KELSEYVILLE
95452,CA,KENWOOD
95453,CA,LAKEPORT
95454,CA,LAYTONVILLE
95455,CA,95455
95456,CA,LITTLERIVER
95457,CA,LOWER LAKE
95458,CA,LUCERNE
95459,CA,MANCHESTER
95460,CA,MENDOCINO
95461,CA,MIDDLETOWN
95462,CA,RUSSIAN RIVER MD
95464,CA,NICE
95465,CA,OCCIDENTAL
95466,CA,PHILO
95467,CA,95467
95468,CA,POINT ARENA
95469,CA,POTTER VALLEY
95470,CA,REDWOOD VALLEY
95472,CA,FREESTONE
95476,CA,SONOMA
95482,CA,UKIAH
95485,CA,UPPER LAKE
95488,CA,WESTPORT
95489,CA,95489
95490,CA,WILLITS
95492,CA,WINDSOR
95493,CA,WITTER SPRINGS
95494,CA,YORKVILLE
95495,CA,95495
95497,CA,THE SEA RANCH
95501,CA,EUREKA
95521,CA,MC KINLEYVILLE
95524,CA,BAYSIDE
95525,CA,BLUE LAKE
95526,CA,RUTH
95527,CA,BURNT RANCH
95528,CA,CARLOTTA
95531,CA,CRESCENT CITY
95536,CA,FERNDALE
95540,CA,FORTUNA
95543,CA,GASQUET
95546,CA,HOOPA
95547,CA,HYDESVILLE
95548,CA,KLAMATH
95549,CA,KNEELAND
95550,CA,KORBEL
95551,CA,LOLETA
95552,CA,MAD RIVER
95554,CA,MYERS FLAT
95555,CA,ORICK
95556,CA,ORLEANS
95558,CA,PETROLIA
95560,CA,REDWAY
95562,CA,RIO DELL
95563,CA,SALYER
95564,CA,SAMOA
95565,CA,SCOTIA
95567,CA,SMITH RIVER
95568,CA,SOMES BAR
95569,CA,REDCREST
95570,CA,WESTHAVEN
95573,CA,WILLOW CREEK
95603,CA,AUBURN
95605,CA,BRYTE
95606,CA,BROOKS
95607,CA,CAPAY
95608,CA,CARMICHAEL
95610,CA,CITRUS HEIGHTS
95612,CA,CLARKSBURG
95614,CA,COOL
95615,CA,COURTLAND
95616,CA,DAVIS
95618,CA,EL MACERO
95619,CA,DIAMOND SPRINGS
95620,CA,LIBERTY FARMS
95621,CA,CITRUS HEIGHTS
95624,CA,ELK GROVE
95626,CA,ELVERTA
95627,CA,ESPARTO
95628,CA,FAIR OAKS
95629,CA,FIDDLETOWN
95630,CA,EL DORADO HILLS
95631,CA,FORESTHILL
95632,CA,GALT
95633,CA,GARDEN VALLEY
95634,CA,GEORGETOWN
95635,CA,GREENWOOD
95636,CA,GRIZZLY FLATS
95637,CA,GUINDA
95638,CA,HERALD
95640,CA,IONE
95641,CA,ISLETON
95642,CA,JACKSON
95643,CA,KELSEY
95645,CA,KNIGHTS LANDING
95648,CA,LINCOLN
95650,CA,LOOMIS
95651,CA,LOTUS
95652,CA,MCCLELLAN AFB
95653,CA,MADISON
95655,CA,MATHER AFB
95658,CA,NEWCASTLE
95659,CA,TROWBRIDGE
95660,CA,NORTH HIGHLANDS
95661,CA,ROSEVILLE
95662,CA,ORANGEVALE
95663,CA,PENRYN
95664,CA,PILOT HILL
95665,CA,PINE GROVE
95666,CA,PIONEER
95667,CA,PLACERVILLE
95668,CA,PLEASANT GROVE
95669,CA,PLYMOUTH
95670,CA,GOLD RIVER
95672,CA,RESCUE
95673,CA,RIO LINDA
95674,CA,RIO OSO
95677,CA,ROCKLIN
95678,CA,ROSEVILLE
95679,CA,RUMSEY
95681,CA,SHERIDAN
95682,CA,CAMERON PARK
95683,CA,RANCHO MURIETA
95684,CA,SOMERSET
95685,CA,SUTTER CREEK
95687,CA,VACAVILLE
95688,CA,VACAVILLE
95689,CA,VOLCANO
95690,CA,WALNUT GROVE
95691,CA,WEST SACRAMENTO
95692,CA,WHEATLAND
95693,CA,WILTON
95694,CA,WINTERS
95695,CA,WOODLAND
95698,CA,ZAMORA
95701,CA,ALTA
95703,CA,APPLEGATE
95709,CA,CAMINO
95713,CA,IOWA HILL
95714,CA,DUTCH FLAT
95715,CA,EMIGRANT GAP
95717,CA,GOLD RUN
95720,CA,KYBURZ
95721,CA,ECHO LAKE
95722,CA,MEADOW VISTA
95724,CA,NORDEN
95726,CA,PACIFIC HOUSE
95728,CA,SODA SPRINGS
95735,CA,TWIN BRIDGES
95742,CA,RANCHO CORDOVA
95758,CA,ELK GROVE
95814,CA,SACRAMENTO
95815,CA,SACRAMENTO
95816,CA,SACRAMENTO
95817,CA,SACRAMENTO
95818,CA,SACRAMENTO
95819,CA,SACRAMENTO
95820,CA,SACRAMENTO
95821,CA,SACRAMENTO
95822,CA,SACRAMENTO
95823,CA,SACRAMENTO
95824,CA,SACRAMENTO
95825,CA,SACRAMENTO
95826,CA,SACRAMENTO
95827,CA,SACRAMENTO
95828,CA,SACRAMENTO
95829,CA,SACRAMENTO
95830,CA,SACRAMENTO
95831,CA,SACRAMENTO
95832,CA,SACRAMENTO
95833,CA,SACRAMENTO
95834,CA,SACRAMENTO
95835,CA,SACRAMENTO
95836,CA,SACRAMENTO
95837,CA,SACRAMENTO
95838,CA,SACRAMENTO
95841,CA,SACRAMENTO
95842,CA,SACRAMENTO
95864,CA,SACRAMENTO
95901,CA,MARYSVILLE
95910,CA,ALLEGHANY
95912,CA,ARBUCKLE
95914,CA,BANGOR
95915,CA,BELDEN
95916,CA,BERRY CREEK
95917,CA,BIGGS
95918,CA,BROWNS VALLEY
95919,CA,BROWNSVILLE
95920,CA,BUTTE CITY
95922,CA,CAMPTONVILLE
95923,CA,CANYONDAM
95926,CA,COHASSET
95928,CA,CHICO
95932,CA,COLUSA
95934,CA,CRESCENT MILLS
95935,CA,DOBBINS
95936,CA,DOWNIEVILLE
95937,CA,DUNNIGAN
95938,CA,DURHAM
95939,CA,ELK CREEK
95941,CA,FORBESTOWN
95942,CA,BUTTE MEADOWS
95943,CA,GLENN
95944,CA,GOODYEARS BAR
95945,CA,GRASS VALLEY
95946,CA,PENN VALLEY
95947,CA,GREENVILLE
95948,CA,GRIDLEY
95949,CA,GRASS VALLEY
95953,CA,LIVE OAK
95954,CA,MAGALIA
95955,CA,MAXWELL
95956,CA,MEADOW VALLEY
95957,CA,MERIDIAN
95959,CA,NEVADA CITY
95960,CA,NORTH SAN JUAN
95961,CA,OLIVEHURST
95962,CA,OREGON HOUSE
95963,CA,ORLAND
95965,CA,PULGA
95966,CA,OROVILLE
95968,CA,PALERMO
95969,CA,PARADISE
95970,CA,PRINCETON
95971,CA,QUINCY
95972,CA,RACKERBY
95975,CA,ROUGH AND READY
95977,CA,SMARTVILLE
95979,CA,STONYFORD
95981,CA,LA PORTE
95982,CA,SUTTER
95983,CA,TAYLORSVILLE
95984,CA,TWAIN
95987,CA,WILLIAMS
95988,CA,WILLOWS
95991,CA,YUBA CITY
95993,CA,YUBA CITY
96001,CA,REDDING
96002,CA,REDDING
96003,CA,REDDING
96006,CA,ADIN
96007,CA,ANDERSON
96008,CA,BELLA VISTA
96010,CA,BIG BAR
96013,CA,BURNEY
96014,CA,CALLAHAN
96015,CA,CANBY
96016,CA,CASSEL
96019,CA,SHASTA LAKE
96020,CA,CHESTER
96021,CA,CORNING
96022,CA,COTTONWOOD
96024,CA,DOUGLAS CITY
96025,CA,DUNSMUIR
96027,CA,SAWYERS BAR
96028,CA,FALL RIVER MILLS
96031,CA,FORKS OF SALMON
96032,CA,FORT JONES
96033,CA,FRENCH GULCH
96034,CA,GAZELLE
96035,CA,GERBER
96038,CA,GRENADA
96039,CA,HAPPY CAMP
96040,CA,HAT CREEK
96041,CA,HAYFORK
96044,CA,HORNBROOK
96045,CA,HORSE CREEK
96047,CA,IGO
96048,CA,HELENA
96050,CA,KLAMATH RIVER
96051,CA,LAKEHEAD
96052,CA,LEWISTON
96055,CA,LOS MOLINOS
96056,CA,MCARTHUR
96057,CA,MCCLOUD
96058,CA,MACDOEL
96059,CA,MANTON
96062,CA,MILLVILLE
96063,CA,MINERAL
96064,CA,MONTAGUE
96065,CA,MONTGOMERY CREEK
96067,CA,MOUNT SHASTA
96069,CA,OAK RUN
96071,CA,OLD STATION
96073,CA,PALO CEDRO
96075,CA,PAYNES CREEK
96076,CA,WILDWOOD
96080,CA,RED BLUFF
96085,CA,SCOTT BAR
96086,CA,SEIAD VALLEY
96087,CA,SHASTA
96088,CA,SHINGLETOWN
96091,CA,TRINITY CENTER
96093,CA,WEAVERVILLE
96094,CA,EDGEWOOD
96096,CA,WHITMORE
96097,CA,YREKA
96101,CA,ALTURAS
96103,CA,CROMBERG
96104,CA,CEDARVILLE
96105,CA,CHILCOOT
96106,CA,CLIO
96107,CA,COLEVILLE
96108,CA,DAVIS CREEK
96109,CA,DOYLE
96111,CA,FLORISTON
96112,CA,FORT BIDWELL
96113,CA,HERLONG
96114,CA,JANESVILLE
96115,CA,LAKE CITY
96117,CA,LITCHFIELD
96118,CA,LOYALTON
96120,CA,HOPE VALLEY
96121,CA,MILFORD
96122,CA,PORTOLA
96123,CA,RAVENDALE
96124,CA,CALPINE
96125,CA,SIERRA CITY
96126,CA,SIERRAVILLE
96128,CA,STANDISH
96130,CA,SUSANVILLE
96132,CA,TERMO
96133,CA,TOPAZ
96134,CA,TULELAKE
96135,CA,VINTON
96136,CA,WENDEL
96137,CA,PENINSULA VILLAG
96140,CA,CARNELIAN BAY
96141,CA,HOMEWOOD
96142,CA,TAHOMA
96143,CA,KINGS BEACH
96145,CA,TAHOE CITY
96148,CA,TAHOE VISTA
96150,CA,SOUTH LAKE TAHOE
96161,CA,TRUCKEE
96162,CA,TRUCKEE
